{"file_name":"albottom","texture_size":[176,176],"textures":{"cd0f4be0-f618-fc37-13f9-95a89698202d":"modelengine:entity/ifrit"},"elements":[{"name":"albottom","from":[6.3252764,3.8185575,5.863674],"to":[10.48801,8.461609,10.826941],"rotation":{"angle":0.0,"axis":"x","origin":[19.66063,-16.055717,10.850773]},"faces":{"down":{"uv":[8.454546,8.727273,9.090909,9.454546],"rotation":0,"texture":"#cd0f4be0-f618-fc37-13f9-95a89698202d","tintindex":0},"east":{"uv":[4.090909,8.545455,4.818182,9.272728],"rotation":0,"texture":"#cd0f4be0-f618-fc37-13f9-95a89698202d","tintindex":0},"north":{"uv":[0.90909094,7.0909095,1.5454546,7.818182],"rotation":0,"texture":"#cd0f4be0-f618-fc37-13f9-95a89698202d","tintindex":0},"south":{"uv":[8.636364,2.3636365,9.272728,3.0909092],"rotation":0,"texture":"#cd0f4be0-f618-fc37-13f9-95a89698202d","tintindex":0},"up":{"uv":[8.363637,9.454546,7.727273,8.727273],"rotation":0,"texture":"#cd0f4be0-f618-fc37-13f9-95a89698202d","tintindex":0},"west":{"uv":[6.0909095,8.545455,6.818182,9.272728],"rotation":0,"texture":"#cd0f4be0-f618-fc37-13f9-95a89698202d","tintindex":0}}},{"name":"albottom","from":[6.6274652,1.2871575,5.7035646],"to":[10.149778,4.1690536,9.706194],"rotation":{"angle":0.0,"axis":"x","origin":[19.66063,-16.055717,10.850773]},"faces":{"down":{"uv":[9.636364,9.636364,10.181818,10.272728],"rotation":0,"texture":"#cd0f4be0-f618-fc37-13f9-95a89698202d","tintindex":0},"east":{"uv":[10.545455,4.636364,11.181819,5.090909],"rotation":0,"texture":"#cd0f4be0-f618-fc37-13f9-95a89698202d","tintindex":0},"north":{"uv":[9.636364,11.0,10.181818,11.454546],"rotation":0,"texture":"#cd0f4be0-f618-fc37-13f9-95a89698202d","tintindex":0},"south":{"uv":[11.0,2.6363637,11.545455,3.0909092],"rotation":0,"texture":"#cd0f4be0-f618-fc37-13f9-95a89698202d","tintindex":0},"up":{"uv":[1.2727273,10.272728,0.72727275,9.636364],"rotation":0,"texture":"#cd0f4be0-f618-fc37-13f9-95a89698202d","tintindex":0},"west":{"uv":[5.3636365,10.818182,6.0,11.272728],"rotation":0,"texture":"#cd0f4be0-f618-fc37-13f9-95a89698202d","tintindex":0}}},{"name":"albottom","from":[5.34106,-1.4706283,6.259987],"to":[8.062846,2.3718972,9.622194],"rotation":{"angle":22.5,"axis":"z","origin":[8.388526,5.5456448,7.8008647]},"faces":{"down":{"uv":[6.909091,11.090909,7.3636365,11.636364],"rotation":0,"texture":"#cd0f4be0-f618-fc37-13f9-95a89698202d","tintindex":0},"east":{"uv":[10.181818,0.0,10.727273,0.54545456],"rotation":0,"texture":"#cd0f4be0-f618-fc37-13f9-95a89698202d","tintindex":0},"north":{"uv":[11.0,5.1818185,11.454546,5.727273],"rotation":0,"texture":"#cd0f4be0-f618-fc37-13f9-95a89698202d","tintindex":0},"south":{"uv":[1.0909091,11.090909,1.5454546,11.636364],"rotation":0,"texture":"#cd0f4be0-f618-fc37-13f9-95a89698202d","tintindex":0},"up":{"uv":[5.1818185,11.636364,4.727273,11.090909],"rotation":0,"texture":"#cd0f4be0-f618-fc37-13f9-95a89698202d","tintindex":0},"west":{"uv":[10.181818,0.6363636,10.727273,1.1818182],"rotation":0,"texture":"#cd0f4be0-f618-fc37-13f9-95a89698202d","tintindex":0}}},{"name":"albottom","from":[11.294494,7.9579225,6.6466565],"to":[11.525056,8.370993,7.1749983],"rotation":{"angle":-45.0,"axis":"z","origin":[8.388526,5.5456448,7.8008647]},"faces":{"down":{"uv":[8.545455,12.0,8.636364,12.090909],"rotation":0,"texture":"#cd0f4be0-f618-fc37-13f9-95a89698202d","tintindex":0},"east":{"uv":[7.0909095,10.272728,7.1818185,10.363637],"rotation":0,"texture":"#cd0f4be0-f618-fc37-13f9-95a89698202d","tintindex":0},"north":{"uv":[3.0,5.909091,3.0909092,6.0],"rotation":0,"texture":"#cd0f4be0-f618-fc37-13f9-95a89698202d","tintindex":0},"south":{"uv":[6.909091,10.909091,7.0,11.0],"rotation":0,"texture":"#cd0f4be0-f618-fc37-13f9-95a89698202d","tintindex":0},"up":{"uv":[8.818182,11.545455,8.727273,11.454546],"rotation":0,"texture":"#cd0f4be0-f618-fc37-13f9-95a89698202d","tintindex":0},"west":{"uv":[11.0,3.1818182,11.090909,3.2727275],"rotation":0,"texture":"#cd0f4be0-f618-fc37-13f9-95a89698202d","tintindex":0}}},{"name":"albottom","from":[11.134396,3.2764394,6.5089626],"to":[11.685161,7.9579153,7.3126926],"rotation":{"angle":-45.0,"axis":"z","origin":[8.388526,5.5456448,7.8008647]},"faces":{"down":{"uv":[14.727273,7.636364,14.818182,7.727273],"rotation":0,"texture":"#cd0f4be0-f618-fc37-13f9-95a89698202d","tintindex":0},"east":{"uv":[5.727273,13.727273,5.818182,14.454546],"rotation":0,"texture":"#cd0f4be0-f618-fc37-13f9-95a89698202d","tintindex":0},"north":{"uv":[1.4545455,12.272728,1.5454546,13.0],"rotation":0,"texture":"#cd0f4be0-f618-fc37-13f9-95a89698202d","tintindex":0},"south":{"uv":[5.909091,13.727273,6.0,14.454546],"rotation":0,"texture":"#cd0f4be0-f618-fc37-13f9-95a89698202d","tintindex":0},"up":{"uv":[1.0,12.181819,0.90909094,12.090909],"rotation":0,"texture":"#cd0f4be0-f618-fc37-13f9-95a89698202d","tintindex":0},"west":{"uv":[6.0909095,13.727273,6.1818185,14.454546],"rotation":0,"texture":"#cd0f4be0-f618-fc37-13f9-95a89698202d","tintindex":0}}},{"name":"albottom","from":[8.566744,10.951221,9.659233],"to":[9.3672695,11.431532,10.299655],"rotation":{"angle":22.5,"axis":"x","origin":[8.388526,5.5456448,7.8008647]},"faces":{"down":{"uv":[9.272728,14.818182,9.363637,14.909091],"rotation":0,"texture":"#cd0f4be0-f618-fc37-13f9-95a89698202d","tintindex":0},"east":{"uv":[14.727273,9.181818,14.818182,9.272728],"rotation":0,"texture":"#cd0f4be0-f618-fc37-13f9-95a89698202d","tintindex":0},"north":{"uv":[14.727273,8.818182,14.818182,8.909091],"rotation":0,"texture":"#cd0f4be0-f618-fc37-13f9-95a89698202d","tintindex":0},"south":{"uv":[14.727273,14.09091,14.818182,14.181819],"rotation":0,"texture":"#cd0f4be0-f618-fc37-13f9-95a89698202d","tintindex":0},"up":{"uv":[8.727273,14.909091,8.636364,14.818182],"rotation":0,"texture":"#cd0f4be0-f618-fc37-13f9-95a89698202d","tintindex":0},"west":{"uv":[8.454546,14.818182,8.545455,14.909091],"rotation":0,"texture":"#cd0f4be0-f618-fc37-13f9-95a89698202d","tintindex":0}}},{"name":"albottom","from":[6.805588,10.404116,10.321201],"to":[7.606114,10.884428,10.961622],"rotation":{"angle":22.5,"axis":"x","origin":[8.388526,5.5456448,7.8008647]},"faces":{"down":{"uv":[14.818182,0.0,14.909091,0.09090909],"rotation":0,"texture":"#cd0f4be0-f618-fc37-13f9-95a89698202d","tintindex":0},"east":{"uv":[9.636364,14.818182,9.727273,14.909091],"rotation":0,"texture":"#cd0f4be0-f618-fc37-13f9-95a89698202d","tintindex":0},"north":{"uv":[9.454546,14.818182,9.545455,14.909091],"rotation":0,"texture":"#cd0f4be0-f618-fc37-13f9-95a89698202d","tintindex":0},"south":{"uv":[10.818182,14.818182,10.909091,14.909091],"rotation":0,"texture":"#cd0f4be0-f618-fc37-13f9-95a89698202d","tintindex":0},"up":{"uv":[14.909091,14.909091,14.818182,14.818182],"rotation":0,"texture":"#cd0f4be0-f618-fc37-13f9-95a89698202d","tintindex":0},"west":{"uv":[11.0,14.818182,11.090909,14.909091],"rotation":0,"texture":"#cd0f4be0-f618-fc37-13f9-95a89698202d","tintindex":0}}},{"name":"albottom","from":[6.6454782,4.9605384,10.321201],"to":[7.766212,10.404116,10.961622],"rotation":{"angle":22.5,"axis":"x","origin":[8.388526,5.5456448,7.8008647]},"faces":{"down":{"uv":[5.090909,4.909091,5.2727275,5.0],"rotation":0,"texture":"#cd0f4be0-f618-fc37-13f9-95a89698202d","tintindex":0},"east":{"uv":[11.454546,13.454546,11.545455,14.272728],"rotation":0,"texture":"#cd0f4be0-f618-fc37-13f9-95a89698202d","tintindex":0},"north":{"uv":[1.1818182,12.272728,1.3636364,13.09091],"rotation":0,"texture":"#cd0f4be0-f618-fc37-13f9-95a89698202d","tintindex":0},"south":{"uv":[4.727273,12.272728,4.909091,13.09091],"rotation":0,"texture":"#cd0f4be0-f618-fc37-13f9-95a89698202d","tintindex":0},"up":{"uv":[5.2727275,3.909091,5.090909,3.818182],"rotation":0,"texture":"#cd0f4be0-f618-fc37-13f9-95a89698202d","tintindex":0},"west":{"uv":[13.454546,3.6363637,13.545455,4.4545455],"rotation":0,"texture":"#cd0f4be0-f618-fc37-13f9-95a89698202d","tintindex":0}}},{"name":"albottom","from":[8.406647,5.5076346,9.659233],"to":[9.52738,10.951214,10.299655],"rotation":{"angle":22.5,"axis":"x","origin":[8.388526,5.5456448,7.8008647]},