{"file_name":"alf1","texture_size":[176,176],"textures":{"cd0f4be0-f618-fc37-13f9-95a89698202d":"modelengine:entity/ifrit"},"elements":[{"name":"alf1","from":[7.602284,5.3122153,7.67183],"to":[8.723018,8.51432,8.472356],"rotation":{"angle":45.0,"axis":"x","origin":[7.849826,8.039756,8.016038]},"faces":{"down":{"uv":[0.18181819,14.636364,0.36363637,14.727273],"rotation":0,"texture":"#cd0f4be0-f618-fc37-13f9-95a89698202d","tintindex":0},"east":{"uv":[14.0,11.454546,14.09091,11.909091],"rotation":0,"texture":"#cd0f4be0-f618-fc37-13f9-95a89698202d","tintindex":0},"north":{"uv":[9.0,13.363637,9.181818,13.818182],"rotation":0,"texture":"#cd0f4be0-f618-fc37-13f9-95a89698202d","tintindex":0},"south":{"uv":[11.909091,13.363637,12.090909,13.818182],"rotation":0,"texture":"#cd0f4be0-f618-fc37-13f9-95a89698202d","tintindex":0},"up":{"uv":[14.727273,14.363637,14.545455,14.272728],"rotation":0,"texture":"#cd0f4be0-f618-fc37-13f9-95a89698202d","tintindex":0},"west":{"uv":[14.09091,14.09091,14.181819,14.545455],"rotation":0,"texture":"#cd0f4be0-f618-fc37-13f9-95a89698202d","tintindex":0}}},{"name":"alf1","from":[7.44218,5.344616,5.802782],"to":[8.883128,6.625459,6.6033077],"rotation":{"angle":0.0,"axis":"x","origin":[18.298063,-6.4127626,12.390938]},"faces":{"down":{"uv":[3.2727275,14.636364,3.4545455,14.727273],"rotation":0,"texture":"#cd0f4be0-f618-fc37-13f9-95a89698202d","tintindex":0},"east":{"uv":[0.45454547,14.636364,0.54545456,14.818182],"rotation":0,"texture":"#cd0f4be0-f618-fc37-13f9-95a89698202d","tintindex":0},"north":{"uv":[8.909091,14.272728,9.090909,14.454546],"rotation":0,"texture":"#cd0f4be0-f618-fc37-13f9-95a89698202d","tintindex":0},"south":{"uv":[10.090909,14.272728,10.272728,14.454546],"rotation":0,"texture":"#cd0f4be0-f618-fc37-13f9-95a89698202d","tintindex":0},"up":{"uv":[1.0,14.727273,0.8181819,14.636364],"rotation":0,"texture":"#cd0f4be0-f618-fc37-13f9-95a89698202d","tintindex":0},"west":{"uv":[0.6363636,14.636364,0.72727275,14.818182],"rotation":0,"texture":"#cd0f4be0-f618-fc37-13f9-95a89698202d","tintindex":0}}},{"name":"alf1","from":[7.762388,4.4632936,5.00114],"to":[8.562914,6.5446696,5.801666],"rotation":{"angle":-22.5,"axis":"x","origin":[7.849826,8.039756,8.016038]},"faces":{"down":{"uv":[6.909091,14.909091,7.0,15.0],"rotation":0,"texture":"#cd0f4be0-f618-fc37-13f9-95a89698202d","tintindex":0},"east":{"uv":[9.090909,12.181819,9.181818,12.454546],"rotation":0,"texture":"#cd0f4be0-f618-fc37-13f9-95a89698202d","tintindex":0},"north":{"uv":[10.727273,11.909091,10.818182,12.181819],"rotation":0,"texture":"#cd0f4be0-f618-fc37-13f9-95a89698202d","tintindex":0},"south":{"uv":[2.0,14.545455,2.0909092,14.818182],"rotation":0,"texture":"#cd0f4be0-f618-fc37-13f9-95a89698202d","tintindex":0},"up":{"uv":[6.818182,15.0,6.727273,14.909091],"rotation":0,"texture":"#cd0f4be0-f618-fc37-13f9-95a89698202d","tintindex":0},"west":{"uv":[5.818182,14.545455,5.909091,14.818182],"rotation":0,"texture":"#cd0f4be0-f618-fc37-13f9-95a89698202d","tintindex":0}}},{"name":"alf1","from":[7.922492,3.9603853,4.0462103],"to":[8.402803,6.0417614,4.526522],"rotation":{"angle":-45.0,"axis":"x","origin":[7.849826,8.039756,8.016038]},"faces":{"down":{"uv":[7.2727275,14.909091,7.3636365,15.0],"rotation":0,"texture":"#cd0f4be0-f618-fc37-13f9-95a89698202d","tintindex":0},"east":{"uv":[6.1818185,14.545455,6.2727275,14.818182],"rotation":0,"texture":"#cd0f4be0-f618-fc37-13f9-95a89698202d","tintindex":0},"north":{"uv":[6.0,14.545455,6.0909095,14.818182],"rotation":0,"texture":"#cd0f4be0-f618-fc37-13f9-95a89698202d","tintindex":0},"south":{"uv":[6.818182,14.545455,6.909091,14.818182],"rotation":0,"texture":"#cd0f4be0-f618-fc37-13f9-95a89698202d","tintindex":0},"up":{"uv":[7.1818185,15.0,7.0909095,14.909091],"rotation":0,"texture":"#cd0f4be0-f618-fc37-13f9-95a89698202d","tintindex":0},"west":{"uv":[7.0,14.545455,7.0909095,14.818182],"rotation":0,"texture":"#cd0f4be0-f618-fc37-13f9-95a89698202d","tintindex":0}}},{"name":"alf1","from":[8.082602,3.159854,4.1343136],"to":[8.242706,3.9603796,4.4545217],"rotation":{"angle":-45.0,"axis":"x","origin":[7.849826,8.039756,8.016038]},"faces":{"down":{"uv":[10.090909,14.909091,10.181818,15.0],"rotation":0,"texture":"#cd0f4be0-f618-fc37-13f9-95a89698202d","tintindex":0},"east":{"uv":[7.636364,14.909091,7.727273,15.0],"rotation":0,"texture":"#cd0f4be0-f618-fc37-13f9-95a89698202d","tintindex":0},"north":{"uv":[7.4545455,14.909091,7.545455,15.0],"rotation":0,"texture":"#cd0f4be0-f618-fc37-13f9-95a89698202d","tintindex":0},"south":{"uv":[7.818182,14.909091,7.909091,15.0],"rotation":0,"texture":"#cd0f4be0-f618-fc37-13f9-95a89698202d","tintindex":0},"up":{"uv":[9.090909,15.0,9.0,14.909091],"rotation":0,"texture":"#cd0f4be0-f618-fc37-13f9-95a89698202d","tintindex":0},"west":{"uv":[8.818182,14.909091,8.909091,15.0],"rotation":0,"texture":"#cd0f4be0-f618-fc37-13f9-95a89698202d","tintindex":0}}}],"display":{"head":{"translation":[0.0,-6.4,0.0],"rotation":[0.0,0.0,0.0],"scale":[3.8095,3.8095,3.8095]},"gui":{"translation":[0.0,0.0,0.0],"rotation":[35.0,225.0,0.0],"scale":[0.625,0.625,0.625]}}}