{"file_name":"alf2","texture_size":[176,176],"textures":{"cd0f4be0-f618-fc37-13f9-95a89698202d":"modelengine:entity/ifrit"},"elements":[{"name":"alf2","from":[6.560276,7.5785484,7.123352],"to":[9.602276,8.859392,8.884514],"rotation":{"angle":45.0,"axis":"z","origin":[8.404748,8.189018,8.132012]},"faces":{"down":{"uv":[12.818182,5.4545455,13.272728,5.727273],"rotation":0,"texture":"#cd0f4be0-f618-fc37-13f9-95a89698202d","tintindex":0},"east":{"uv":[10.909091,1.6363637,11.181819,1.8181819],"rotation":0,"texture":"#cd0f4be0-f618-fc37-13f9-95a89698202d","tintindex":0},"north":{"uv":[13.363637,2.818182,13.818182,3.0],"rotation":0,"texture":"#cd0f4be0-f618-fc37-13f9-95a89698202d","tintindex":0},"south":{"uv":[13.363637,3.0909092,13.818182,3.2727275],"rotation":0,"texture":"#cd0f4be0-f618-fc37-13f9-95a89698202d","tintindex":0},"up":{"uv":[13.272728,5.3636365,12.818182,5.090909],"rotation":0,"texture":"#cd0f4be0-f618-fc37-13f9-95a89698202d","tintindex":0},"west":{"uv":[9.909091,11.545455,10.181818,11.727273],"rotation":0,"texture":"#cd0f4be0-f618-fc37-13f9-95a89698202d","tintindex":0}}},{"name":"alf2","from":[7.3904123,5.678714,7.26356],"to":[8.190938,6.959558,8.704508],"rotation":{"angle":-22.5,"axis":"z","origin":[8.404748,8.189018,7.9520116]},"faces":{"down":{"uv":[5.3636365,14.727273,5.4545455,14.909091],"rotation":0,"texture":"#cd0f4be0-f618-fc37-13f9-95a89698202d","tintindex":0},"east":{"uv":[12.181819,14.272728,12.363637,14.454546],"rotation":0,"texture":"#cd0f4be0-f618-fc37-13f9-95a89698202d","tintindex":0},"north":{"uv":[3.5454547,14.727273,3.6363637,14.909091],"rotation":0,"texture":"#cd0f4be0-f618-fc37-13f9-95a89698202d","tintindex":0},"south":{"uv":[3.7272727,14.727273,3.818182,14.909091],"rotation":0,"texture":"#cd0f4be0-f618-fc37-13f9-95a89698202d","tintindex":0},"up":{"uv":[5.2727275,14.909091,5.1818185,14.727273],"rotation":0,"texture":"#cd0f4be0-f618-fc37-13f9-95a89698202d","tintindex":0},"west":{"uv":[12.454546,14.272728,12.636364,14.454546],"rotation":0,"texture":"#cd0f4be0-f618-fc37-13f9-95a89698202d","tintindex":0}}},{"name":"alf2","from":[6.5682316,4.1644096,7.583768],"to":[7.3687587,6.405884,8.384294],"rotation":{"angle":0.0,"axis":"x","origin":[20.12371,-5.844389,11.309924]},"faces":{"down":{"uv":[14.909091,5.1818185,15.0,5.2727275],"rotation":0,"texture":"#cd0f4be0-f618-fc37-13f9-95a89698202d","tintindex":0},"east":{"uv":[3.2727275,11.909091,3.3636365,12.272728],"rotation":0,"texture":"#cd0f4be0-f618-fc37-13f9-95a89698202d","tintindex":0},"north":{"uv":[11.454546,11.727273,11.545455,12.090909],"rotation":0,"texture":"#cd0f4be0-f618-fc37-13f9-95a89698202d","tintindex":0},"south":{"uv":[13.909091,14.181819,14.0,14.545455],"rotation":0,"texture":"#cd0f4be0-f618-fc37-13f9-95a89698202d","tintindex":0},"up":{"uv":[15.0,5.090909,14.909091,5.0],"rotation":0,"texture":"#cd0f4be0-f618-fc37-13f9-95a89698202d","tintindex":0},"west":{"uv":[12.727273,14.272728,12.818182,14.636364],"rotation":0,"texture":"#cd0f4be0-f618-fc37-13f9-95a89698202d","tintindex":0}}},{"name":"alf2","from":[5.4133883,3.8729062,7.743878],"to":[5.8936996,5.4739637,8.22419],"rotation":{"angle":22.5,"axis":"z","origin":[8.404748,8.189018,7.9520116]},"faces":{"down":{"uv":[14.909091,5.5454545,15.0,5.636364],"rotation":0,"texture":"#cd0f4be0-f618-fc37-13f9-95a89698202d","tintindex":0},"east":{"uv":[8.909091,14.545455,9.0,14.818182],"rotation":0,"texture":"#cd0f4be0-f618-fc37-13f9-95a89698202d","tintindex":0},"north":{"uv":[7.909091,14.545455,8.0,14.818182],"rotation":0,"texture":"#cd0f4be0-f618-fc37-13f9-95a89698202d","tintindex":0},"south":{"uv":[9.090909,14.545455,9.181818,14.818182],"rotation":0,"texture":"#cd0f4be0-f618-fc37-13f9-95a89698202d","tintindex":0},"up":{"uv":[15.0,5.4545455,14.909091,5.3636365],"rotation":0,"texture":"#cd0f4be0-f618-fc37-13f9-95a89698202d","tintindex":0},"west":{"uv":[10.090909,14.545455,10.181818,14.818182],"rotation":0,"texture":"#cd0f4be0-f618-fc37-13f9-95a89698202d","tintindex":0}}},{"name":"alf2","from":[5.5134916,3.3925822,7.903976],"to":[5.8336997,4.1931076,8.06408],"rotation":{"angle":22.5,"axis":"z","origin":[8.404748,8.189018,7.9520116]},"faces":{"down":{"uv":[14.909091,6.636364,15.0,6.727273],"rotation":0,"texture":"#cd0f4be0-f618-fc37-13f9-95a89698202d","tintindex":0},"east":{"uv":[14.909091,5.909091,15.0,6.0],"rotation":0,"texture":"#cd0f4be0-f618-fc37-13f9-95a89698202d","tintindex":0},"north":{"uv":[14.909091,5.727273,15.0,5.818182],"rotation":0,"texture":"#cd0f4be0-f618-fc37-13f9-95a89698202d","tintindex":0},"south":{"uv":[14.909091,6.0909095,15.0,6.1818185],"rotation":0,"texture":"#cd0f4be0-f618-fc37-13f9-95a89698202d","tintindex":0},"up":{"uv":[15.0,6.545455,14.909091,6.4545455],"rotation":0,"texture":"#cd0f4be0-f618-fc37-13f9-95a89698202d","tintindex":0},"west":{"uv":[14.909091,6.2727275,15.0,6.3636365],"rotation":0,"texture":"#cd0f4be0-f618-fc37-13f9-95a89698202d","tintindex":0}}}],"display":{"head":{"translation":[0.0,-6.4,0.0],"rotation":[0.0,0.0,0.0],"scale":[3.8095,3.8095,3.8095]},"gui":{"translation":[0.0,0.0,0.0],"rotation":[35.0,225.0,0.0],"scale":[0.625,0.625,0.625]}}}