{"file_name":"alf3","texture_size":[176,176],"textures":{"cd0f4be0-f618-fc37-13f9-95a89698202d":"modelengine:entity/ifrit"},"elements":[{"name":"alf3","from":[7.722866,7.479651,6.81617],"to":[10.764866,8.600385,8.577332],"rotation":{"angle":-45.0,"axis":"z","origin":[8.24714,8.084114,7.82483]},"faces":{"down":{"uv":[12.636364,9.181818,13.09091,9.454546],"rotation":0,"texture":"#cd0f4be0-f618-fc37-13f9-95a89698202d","tintindex":0},"east":{"uv":[7.727273,4.818182,8.0,5.0],"rotation":0,"texture":"#cd0f4be0-f618-fc37-13f9-95a89698202d","tintindex":0},"north":{"uv":[9.545455,2.0909092,10.0,2.2727273],"rotation":0,"texture":"#cd0f4be0-f618-fc37-13f9-95a89698202d","tintindex":0},"south":{"uv":[13.363637,13.363637,13.818182,13.545455],"rotation":0,"texture":"#cd0f4be0-f618-fc37-13f9-95a89698202d","tintindex":0},"up":{"uv":[5.909091,6.636364,5.4545455,6.3636365],"rotation":0,"texture":"#cd0f4be0-f618-fc37-13f9-95a89698202d","tintindex":0},"west":{"uv":[9.363637,5.5454545,9.636364,5.727273],"rotation":0,"texture":"#cd0f4be0-f618-fc37-13f9-95a89698202d","tintindex":0}}},{"name":"alf3","from":[8.576227,5.0529323,7.0043783],"to":[9.376755,6.173666,8.445326],"rotation":{"angle":22.5,"axis":"z","origin":[8.24714,8.084114,7.69283]},"faces":{"down":{"uv":[14.636364,4.3636365,14.727273,4.5454545],"rotation":0,"texture":"#cd0f4be0-f618-fc37-13f9-95a89698202d","tintindex":0},"east":{"uv":[10.363637,14.272728,10.545455,14.454546],"rotation":0,"texture":"#cd0f4be0-f618-fc37-13f9-95a89698202d","tintindex":0},"north":{"uv":[14.636364,3.5454547,14.727273,3.7272727],"rotation":0,"texture":"#cd0f4be0-f618-fc37-13f9-95a89698202d","tintindex":0},"south":{"uv":[14.636364,3.818182,14.727273,4.0],"rotation":0,"texture":"#cd0f4be0-f618-fc37-13f9-95a89698202d","tintindex":0},"up":{"uv":[14.727273,4.2727275,14.636364,4.090909],"rotation":0,"texture":"#cd0f4be0-f618-fc37-13f9-95a89698202d","tintindex":0},"west":{"uv":[10.636364,14.272728,10.818182,14.454546],"rotation":0,"texture":"#cd0f4be0-f618-fc37-13f9-95a89698202d","tintindex":0}}},{"name":"alf3","from":[9.6502285,3.6345925,7.324586],"to":[10.450754,5.7159686,8.125113],"rotation":{"angle":0.0,"axis":"x","origin":[17.232033,-6.534316,11.002743]},"faces":{"down":{"uv":[14.545455,14.909091,14.636364,15.0],"rotation":0,"texture":"#cd0f4be0-f618-fc37-13f9-95a89698202d","tintindex":0},"east":{"uv":[7.3636365,14.545455,7.4545455,14.818182],"rotation":0,"texture":"#cd0f4be0-f618-fc37-13f9-95a89698202d","tintindex":0},"north":{"uv":[7.1818185,14.545455,7.2727275,14.818182],"rotation":0,"texture":"#cd0f4be0-f618-fc37-13f9-95a89698202d","tintindex":0},"south":{"uv":[7.545455,14.545455,7.636364,14.818182],"rotation":0,"texture":"#cd0f4be0-f618-fc37-13f9-95a89698202d","tintindex":0},"up":{"uv":[14.454546,15.0,14.363637,14.909091],"rotation":0,"texture":"#cd0f4be0-f618-fc37-13f9-95a89698202d","tintindex":0},"west":{"uv":[7.727273,14.545455,7.818182,14.818182],"rotation":0,"texture":"#cd0f4be0-f618-fc37-13f9-95a89698202d","tintindex":0}}},{"name":"alf3","from":[11.321228,3.5280929,7.484696],"to":[11.801539,4.96904,7.9650083],"rotation":{"angle":-22.5,"axis":"z","origin":[8.24714,8.084114,7.69283]},"faces":{"down":{"uv":[14.909091,2.5454545,15.0,2.6363637],"rotation":0,"texture":"#cd0f4be0-f618-fc37-13f9-95a89698202d","tintindex":0},"east":{"uv":[2.7272727,14.727273,2.818182,14.909091],"rotation":0,"texture":"#cd0f4be0-f618-fc37-13f9-95a89698202d","tintindex":0},"north":{"uv":[14.636364,12.727273,14.727273,12.909091],"rotation":0,"texture":"#cd0f4be0-f618-fc37-13f9-95a89698202d","tintindex":0},"south":{"uv":[2.909091,14.727273,3.0,14.909091],"rotation":0,"texture":"#cd0f4be0-f618-fc37-13f9-95a89698202d","tintindex":0},"up":{"uv":[15.0,0.8181819,14.909091,0.72727275],"rotation":0,"texture":"#cd0f4be0-f618-fc37-13f9-95a89698202d","tintindex":0},"west":{"uv":[3.0909092,14.727273,3.1818182,14.909091],"rotation":0,"texture":"#cd0f4be0-f618-fc37-13f9-95a89698202d","tintindex":0}}},{"name":"alf3","from":[11.393228,3.0477803,7.6447945],"to":[11.713436,3.6882024,7.8048983],"rotation":{"angle":-22.5,"axis":"z","origin":[8.24714,8.084114,7.69283]},"faces":{"down":{"uv":[14.909091,4.818182,15.0,4.909091],"rotation":0,"texture":"#cd0f4be0-f618-fc37-13f9-95a89698202d","tintindex":0},"east":{"uv":[14.909091,2.909091,15.0,3.0],"rotation":0,"texture":"#cd0f4be0-f618-fc37-13f9-95a89698202d","tintindex":0},"north":{"uv":[14.909091,2.7272727,15.0,2.818182],"rotation":0,"texture":"#cd0f4be0-f618-fc37-13f9-95a89698202d","tintindex":0},"south":{"uv":[14.909091,3.0909092,15.0,3.1818182],"rotation":0,"texture":"#cd0f4be0-f618-fc37-13f9-95a89698202d","tintindex":0},"up":{"uv":[15.0,4.727273,14.909091,4.636364],"rotation":0,"texture":"#cd0f4be0-f618-fc37-13f9-95a89698202d","tintindex":0},"west":{"uv":[14.909091,3.2727275,15.0,3.3636365],"rotation":0,"texture":"#cd0f4be0-f618-fc37-13f9-95a89698202d","tintindex":0}}}],"display":{"head":{"translation":[0.0,-6.4,0.0],"rotation":[0.0,0.0,0.0],"scale":[3.8095,3.8095,3.8095]},"gui":{"translation":[0.0,0.0,0.0],"rotation":[35.0,225.0,0.0],"scale":[0.625,0.625,0.625]}}}