{"file_name":"alf4","texture_size":[176,176],"textures":{"cd0f4be0-f618-fc37-13f9-95a89698202d":"modelengine:entity/ifrit"},"elements":[{"name":"alf4","from":[7.94807,6.9615917,8.102762],"to":[8.441198,8.370524,8.454992],"rotation":{"angle":-45.0,"axis":"x","origin":[8.194634,7.8927984,8.132917]},"faces":{"down":{"uv":[10.454546,14.909091,10.545455,15.0],"rotation":0,"texture":"#cd0f4be0-f618-fc37-13f9-95a89698202d","tintindex":0},"east":{"uv":[4.1818185,14.636364,4.2727275,14.818182],"rotation":0,"texture":"#cd0f4be0-f618-fc37-13f9-95a89698202d","tintindex":0},"north":{"uv":[4.0,14.636364,4.090909,14.818182],"rotation":0,"texture":"#cd0f4be0-f618-fc37-13f9-95a89698202d","tintindex":0},"south":{"uv":[4.3636365,14.636364,4.4545455,14.818182],"rotation":0,"texture":"#cd0f4be0-f618-fc37-13f9-95a89698202d","tintindex":0},"up":{"uv":[10.363637,15.0,10.272728,14.909091],"rotation":0,"texture":"#cd0f4be0-f618-fc37-13f9-95a89698202d","tintindex":0},"west":{"uv":[11.272728,14.636364,11.363637,14.818182],"rotation":0,"texture":"#cd0f4be0-f618-fc37-13f9-95a89698202d","tintindex":0}}},{"name":"alf4","from":[7.8776307,7.0177283,8.685032],"to":[8.511644,7.581296,9.037262],"rotation":{"angle":0.0,"axis":"x","origin":[19.897251,-5.497504,9.887102]},"faces":{"down":{"uv":[12.181819,14.909091,12.272728,15.0],"rotation":0,"texture":"#cd0f4be0-f618-fc37-13f9-95a89698202d","tintindex":0},"east":{"uv":[11.181819,14.909091,11.272728,15.0],"rotation":0,"texture":"#cd0f4be0-f618-fc37-13f9-95a89698202d","tintindex":0},"north":{"uv":[10.636364,14.909091,10.727273,15.0],"rotation":0,"texture":"#cd0f4be0-f618-fc37-13f9-95a89698202d","tintindex":0},"south":{"uv":[11.363637,14.909091,11.454546,15.0],"rotation":0,"texture":"#cd0f4be0-f618-fc37-13f9-95a89698202d","tintindex":0},"up":{"uv":[11.818182,15.0,11.727273,14.909091],"rotation":0,"texture":"#cd0f4be0-f618-fc37-13f9-95a89698202d","tintindex":0},"west":{"uv":[11.545455,14.909091,11.636364,15.0],"rotation":0,"texture":"#cd0f4be0-f618-fc37-13f9-95a89698202d","tintindex":0}}},{"name":"alf4","from":[8.018522,6.579692,8.9241085],"to":[8.370752,7.4954963,9.276339],"rotation":{"angle":22.5,"axis":"x","origin":[8.194634,7.8927984,8.132917]},"faces":{"down":{"uv":[12.545455,14.909091,12.636364,15.0],"rotation":0,"texture":"#cd0f4be0-f618-fc37-13f9-95a89698202d","tintindex":0},"east":{"uv":[14.09091,14.636364,14.181819,14.818182],"rotation":0,"texture":"#cd0f4be0-f618-fc37-13f9-95a89698202d","tintindex":0},"north":{"uv":[13.909091,14.636364,14.0,14.818182],"rotation":0,"texture":"#cd0f4be0-f618-fc37-13f9-95a89698202d","tintindex":0},"south":{"uv":[14.636364,14.636364,14.727273,14.818182],"rotation":0,"texture":"#cd0f4be0-f618-fc37-13f9-95a89698202d","tintindex":0},"up":{"uv":[12.454546,15.0,12.363637,14.909091],"rotation":0,"texture":"#cd0f4be0-f618-fc37-13f9-95a89698202d","tintindex":0},"west":{"uv":[14.636364,0.0,14.727273,0.18181819],"rotation":0,"texture":"#cd0f4be0-f618-fc37-13f9-95a89698202d","tintindex":0}}},{"name":"alf4","from":[8.088968,6.268502,9.399405],"to":[8.300306,7.184306,9.610743],"rotation":{"angle":45.0,"axis":"x","origin":[8.194634,7.8927984,8.132917]},"faces":{"down":{"uv":[13.09091,14.909091,13.181819,15.0],"rotation":0,"texture":"#cd0f4be0-f618-fc37-13f9-95a89698202d","tintindex":0},"east":{"uv":[14.636364,0.54545456,14.727273,0.72727275],"rotation":0,"texture":"#cd0f4be0-f618-fc37-13f9-95a89698202d","tintindex":0},"north":{"uv":[14.636364,0.27272728,14.727273,0.45454547],"rotation":0,"texture":"#cd0f4be0-f618-fc37-13f9-95a89698202d","tintindex":0},"south":{"uv":[14.636364,1.2727273,14.727273,1.4545455],"rotation":0,"texture":"#cd0f4be0-f618-fc37-13f9-95a89698202d","tintindex":0},"up":{"uv":[13.0,15.0,12.909091,14.909091],"rotation":0,"texture":"#cd0f4be0-f618-fc37-13f9-95a89698202d","tintindex":0},"west":{"uv":[14.636364,1.5454546,14.727273,1.7272727],"rotation":0,"texture":"#cd0f4be0-f618-fc37-13f9-95a89698202d","tintindex":0}}},{"name":"alf4","from":[8.159403,5.9162664,9.411404],"to":[8.229855,6.2684965,9.552296],"rotation":{"angle":45.0,"axis":"x","origin":[8.194634,7.8927984,8.132917]},"faces":{"down":{"uv":[14.181819,14.909091,14.272728,15.0],"rotation":0,"texture":"#cd0f4be0-f618-fc37-13f9-95a89698202d","tintindex":0},"east":{"uv":[13.454546,14.909091,13.545455,15.0],"rotation":0,"texture":"#cd0f4be0-f618-fc37-13f9-95a89698202d","tintindex":0},"north":{"uv":[13.272728,14.909091,13.363637,15.0],"rotation":0,"texture":"#cd0f4be0-f618-fc37-13f9-95a89698202d","tintindex":0},"south":{"uv":[13.636364,14.909091,13.727273,15.0],"rotation":0,"texture":"#cd0f4be0-f618-fc37-13f9-95a89698202d","tintindex":0},"up":{"uv":[14.09091,15.0,14.0,14.909091],"rotation":0,"texture":"#cd0f4be0-f618-fc37-13f9-95a89698202d","tintindex":0},"west":{"uv":[13.818182,14.909091,13.909091,15.0],"rotation":0,"texture":"#cd0f4be0-f618-fc37-13f9-95a89698202d","tintindex":0}}}],"display":{"head":{"translation":[0.0,-6.4,0.0],"rotation":[0.0,0.0,0.0],"scale":[3.8095,3.8095,3.8095]},"gui":{"translation":[0.0,0.0,0.0],"rotation":[35.0,225.0,0.0],"scale":[0.625,0.625,0.625]}}}