{
  "file_name": "alhand",
  "texture_size": [
    128,
    128
  ],
  "textures": {
    "layer0": "modelengine:entity/ifrit"
  },
  "elements": [
    {
      "name": "alhand_0",
      "from": [
        2.453216,
        0.8419492,
        -2.0220346
      ],
      "to": [
        11.475837,
        10.339439,
        7.0005856
      ],
      "rotation": {
        "angle": 22.5,
        "axis": "x",
        "origin": [
          6.9645247,
          5.5906935,
          2.489276
        ]
      },
      "faces": {
        "down": {
          "uv": [
            0.0,
            8.0,
            0.795625,
            8.795625
          ],
          "texture": "#layer0",
          "tintindex": 0
        },
        "east": {
          "uv": [
            2.745375,
            8.0,
            0.0,
            12.346125
          ],
          "texture": "#layer0",
          "tintindex": 0
        },
        "north": {
          "uv": [
            2.745375,
            8.0,
            0.0,
            12.346125
          ],
          "texture": "#layer0",
          "tintindex": 0
        },
        "south": {
          "uv": [
            2.745375,
            8.0,
            0.0,
            12.346125
          ],
          "texture": "#layer0",
          "tintindex": 0
        },
        "up": {
          "uv": [
            2.745375,
            7.9999995,
            0.0,
            12.346125
          ],
          "texture": "#layer0",
          "tintindex": 0
        },
        "west": {
          "uv": [
            2.745375,
            8.0,
            0.0,
            12.346125
          ],
          "texture": "#layer0",
          "tintindex": 0
        }
      }
    }
  ],
  "display": {
    "head": {
      "translation": [
        0.0,
        -6.4,
        0.0
      ],
      "rotation": [
        0.0,
        0.0,
        0.0
      ],
      "scale": [
        3.8095,
        3.8095,
        3.8095
      ]
    },
    "gui": {
      "translation": [
        0.0,
        0.0,
        0.0
      ],
      "rotation": [
        35.0,
        225.0,
        0.0
      ],
      "scale": [
        0.625,
        0.625,
        0.625
      ]
    }
  }
}