{"file_name":"arbottom","texture_size":[176,176],"textures":{"cd0f4be0-f618-fc37-13f9-95a89698202d":"modelengine:entity/ifrit"},"elements":[{"name":"arbottom","from":[7.0668035,3.7938223,6.121025],"to":[11.229537,8.436873,10.856291],"rotation":{"angle":0.0,"axis":"x","origin":[-1.3017449,-16.206741,10.194504]},"faces":{"down":{"uv":[8.818182,0.8181819,9.454546,1.5454546],"rotation":0,"texture":"#cd0f4be0-f618-fc37-13f9-95a89698202d","tintindex":0},"east":{"uv":[6.909091,8.545455,7.636364,9.272728],"rotation":0,"texture":"#cd0f4be0-f618-fc37-13f9-95a89698202d","tintindex":0},"north":{"uv":[0.0,8.818182,0.6363636,9.545455],"rotation":0,"texture":"#cd0f4be0-f618-fc37-13f9-95a89698202d","tintindex":0},"south":{"uv":[0.72727275,8.818182,1.3636364,9.545455],"rotation":0,"texture":"#cd0f4be0-f618-fc37-13f9-95a89698202d","tintindex":0},"up":{"uv":[9.454546,0.72727275,8.818182,0.0],"rotation":0,"texture":"#cd0f4be0-f618-fc37-13f9-95a89698202d","tintindex":0},"west":{"uv":[8.545455,3.909091,9.272728,4.636364],"rotation":0,"texture":"#cd0f4be0-f618-fc37-13f9-95a89698202d","tintindex":0}}},{"name":"arbottom","from":[7.4050355,1.2624211,5.960921],"to":[10.927347,4.144318,9.963551],"rotation":{"angle":0.0,"axis":"x","origin":[-1.3017449,-16.206741,10.194504]},"faces":{"down":{"uv":[9.727273,5.5454545,10.272728,6.1818185],"rotation":0,"texture":"#cd0f4be0-f618-fc37-13f9-95a89698202d","tintindex":0},"east":{"uv":[10.818182,0.0,11.454546,0.45454547],"rotation":0,"texture":"#cd0f4be0-f618-fc37-13f9-95a89698202d","tintindex":0},"north":{"uv":[7.4545455,11.090909,8.0,11.545455],"rotation":0,"texture":"#cd0f4be0-f618-fc37-13f9-95a89698202d","tintindex":0},"south":{"uv":[8.909091,11.090909,9.454546,11.545455],"rotation":0,"texture":"#cd0f4be0-f618-fc37-13f9-95a89698202d","tintindex":0},"up":{"uv":[10.272728,3.6363637,9.727273,3.0],"rotation":0,"texture":"#cd0f4be0-f618-fc37-13f9-95a89698202d","tintindex":0},"west":{"uv":[10.818182,0.54545456,11.454546,1.0],"rotation":0,"texture":"#cd0f4be0-f618-fc37-13f9-95a89698202d","tintindex":0}}},{"name":"arbottom","from":[10.525222,-1.2898474,6.601343],"to":[13.247008,2.5526795,9.963551],"rotation":{"angle":-22.5,"axis":"z","origin":[9.166282,8.220903,8.058221]},"faces":{"down":{"uv":[11.090909,8.636364,11.545455,9.181818],"rotation":0,"texture":"#cd0f4be0-f618-fc37-13f9-95a89698202d","tintindex":0},"east":{"uv":[0.0,10.272728,0.54545456,10.818182],"rotation":0,"texture":"#cd0f4be0-f618-fc37-13f9-95a89698202d","tintindex":0},"north":{"uv":[11.090909,11.090909,11.545455,11.636364],"rotation":0,"texture":"#cd0f4be0-f618-fc37-13f9-95a89698202d","tintindex":0},"south":{"uv":[11.090909,7.3636365,11.545455,7.909091],"rotation":0,"texture":"#cd0f4be0-f618-fc37-13f9-95a89698202d","tintindex":0},"up":{"uv":[11.545455,8.545455,11.090909,8.0],"rotation":0,"texture":"#cd0f4be0-f618-fc37-13f9-95a89698202d","tintindex":0},"west":{"uv":[6.4545455,10.272728,7.0,10.818182],"rotation":0,"texture":"#cd0f4be0-f618-fc37-13f9-95a89698202d","tintindex":0}}},{"name":"arbottom","from":[4.1205454,8.723997,6.904007],"to":[4.351107,9.137067,7.432349],"rotation":{"angle":45.0,"axis":"z","origin":[9.166282,8.220903,8.058221]},"faces":{"down":{"uv":[14.909091,7.727273,15.0,7.818182],"rotation":0,"texture":"#cd0f4be0-f618-fc37-13f9-95a89698202d","tintindex":0},"east":{"uv":[14.909091,7.0,15.0,7.0909095],"rotation":0,"texture":"#cd0f4be0-f618-fc37-13f9-95a89698202d","tintindex":0},"north":{"uv":[14.909091,6.818182,15.0,6.909091],"rotation":0,"texture":"#cd0f4be0-f618-fc37-13f9-95a89698202d","tintindex":0},"south":{"uv":[14.909091,7.1818185,15.0,7.2727275],"rotation":0,"texture":"#cd0f4be0-f618-fc37-13f9-95a89698202d","tintindex":0},"up":{"uv":[15.0,7.636364,14.909091,7.545455],"rotation":0,"texture":"#cd0f4be0-f618-fc37-13f9-95a89698202d","tintindex":0},"west":{"uv":[14.909091,7.3636365,15.0,7.4545455],"rotation":0,"texture":"#cd0f4be0-f618-fc37-13f9-95a89698202d","tintindex":0}}},{"name":"arbottom","from":[3.9604535,4.042509,6.766313],"to":[4.5112176,8.723986,7.570043],"rotation":{"angle":45.0,"axis":"z","origin":[9.166282,8.220903,8.058221]},"faces":{"down":{"uv":[14.909091,8.090909,15.0,8.181818],"rotation":0,"texture":"#cd0f4be0-f618-fc37-13f9-95a89698202d","tintindex":0},"east":{"uv":[7.636364,13.727273,7.727273,14.454546],"rotation":0,"texture":"#cd0f4be0-f618-fc37-13f9-95a89698202d","tintindex":0},"north":{"uv":[7.4545455,13.727273,7.545455,14.454546],"rotation":0,"texture":"#cd0f4be0-f618-fc37-13f9-95a89698202d","tintindex":0},"south":{"uv":[7.818182,13.727273,7.909091,14.454546],"rotation":0,"texture":"#cd0f4be0-f618-fc37-13f9-95a89698202d","tintindex":0},"up":{"uv":[15.0,8.0,14.909091,7.909091],"rotation":0,"texture":"#cd0f4be0-f618-fc37-13f9-95a89698202d","tintindex":0},"west":{"uv":[8.0,13.727273,8.090909,14.454546],"rotation":0,"texture":"#cd0f4be0-f618-fc37-13f9-95a89698202d","tintindex":0}}},{"name":"arbottom","from":[8.187531,10.663995,11.669837],"to":[8.988057,11.144308,12.31026],"rotation":{"angle":22.5,"axis":"x","origin":[9.166282,8.220903,8.058221]},"faces":{"down":{"uv":[14.909091,9.181818,15.0,9.272728],"rotation":0,"texture":"#cd0f4be0-f618-fc37-13f9-95a89698202d","tintindex":0},"east":{"uv":[14.909091,8.454546,15.0,8.545455],"rotation":0,"texture":"#cd0f4be0-f618-fc37-13f9-95a89698202d","tintindex":0},"north":{"uv":[14.909091,8.272728,15.0,8.363637],"rotation":0,"texture":"#cd0f4be0-f618-fc37-13f9-95a89698202d","tintindex":0},"south":{"uv":[14.909091,8.636364,15.0,8.727273],"rotation":0,"texture":"#cd0f4be0-f618-fc37-13f9-95a89698202d","tintindex":0},"up":{"uv":[15.0,9.090909,14.909091,9.0],"rotation":0,"texture":"#cd0f4be0-f618-fc37-13f9-95a89698202d","tintindex":0},"west":{"uv":[14.909091,8.818182,15.0,8.909091],"rotation":0,"texture":"#cd0f4be0-f618-fc37-13f9-95a89698202d","tintindex":0}}},{"name":"arbottom","from":[9.9486885,9.504891,11.047806],"to":[10.749214,9.985205,11.688228],"rotation":{"angle":22.5,"axis":"x","origin":[9.166282,8.220903,8.058221]},"faces":{"down":{"uv":[14.909091,10.272728,15.0,10.363637],"rotation":0,"texture":"#cd0f4be0-f618-fc37-13f9-95a89698202d","tintindex":0},"east":{"uv":[14.909091,9.545455,15.0,9.636364],"rotation":0,"texture":"#cd0f4be0-f618-fc37-13f9-95a89698202d","tintindex":0},"north":{"uv":[14.909091,9.363637,15.0,9.454546],"rotation":0,"texture":"#cd0f4be0-f618-fc37-13f9-95a89698202d","tintindex":0},"south":{"uv":[14.909091,9.727273,15.0,9.818182],"rotation":0,"texture":"#cd0f4be0-f618-fc37-13f9-95a89698202d","tintindex":0},"up":{"uv":[15.0,10.181818,14.909091,10.090909],"rotation":0,"texture":"#cd0f4be0-f618-fc37-13f9-95a89698202d","tintindex":0},"west":{"uv":[14.909091,9.909091,15.0,10.0],"rotation":0,"texture":"#cd0f4be0-f618-fc37-13f9-95a89698202d","tintindex":0}}},{"name":"arbottom","from":[9.788584,4.061314,11.047806],"to":[10.909323,9.504891,11.688228],"rotation":{"angle":22.5,"axis":"x","origin":[9.166282,8.220903,8.058221]},"faces":{"down":{"uv":[14.636364,11.818182,14.818182,11.909091],"rotation":0,"texture":"#cd0f4be0-f618-fc37-13f9-95a89698202d","tintindex":0},"east":{"uv":[13.545455,13.636364,13.636364,14.454546],"rotation":0,"texture":"#cd0f4be0-f618-fc37-13f9-95a89698202d","tintindex":0},"north":{"uv":[3.818182,12.363637,4.0,13.181819],"rotation":0,"texture":"#cd0f4be0-f618-fc37-13f9-95a89698202d","tintindex":0},"south":{"uv":[5.2727275,12.363637,5.4545455,13.181819],"rotation":0,"texture":"#cd0f4be0-f618-fc37-13f9-95a89698202d","tintindex":0},"up":{"uv":[14.818182,7.909091,14.636364,7.818182],"rotation":0,"texture":"#cd0f4be0-f618-fc37-13f9-95a89698202d","tintindex":0},"west":{"uv":[13.636364,3.6363637,13.727273,4.4545455],"rotation":0,"texture":"#cd0f4be0-f618-fc37-13f9-95a89698202d","tintindex":0}}},{"name":"arbottom","from":[8.027433,5.2204065,11.669837],"to":[9.148169,10.663983,12.31026],"rotation":{"angle":22.5,"axis":"x","origin":[9.166282,8.220903,8.058221]},"faces":{"down":{"uv":[14.636364,13.909091,14.818182,14.0],"rotation":0,