{"file_name":"arf1","texture_size":[176,176],"textures":{"cd0f4be0-f618-fc37-13f9-95a89698202d":"modelengine:entity/ifrit"},"elements":[{"name":"arf1","from":[7.348484,5.3436623,5.7047358],"to":[8.789433,6.624506,6.5052624],"rotation":{"angle":0.0,"axis":"x","origin":[-0.9160423,-6.5399923,11.379272]},"faces":{"down":{"uv":[14.727273,2.0,14.909091,2.0909092],"rotation":0,"texture":"#cd0f4be0-f618-fc37-13f9-95a89698202d","tintindex":0},"east":{"uv":[9.909091,14.727273,10.0,14.909091],"rotation":0,"texture":"#cd0f4be0-f618-fc37-13f9-95a89698202d","tintindex":0},"north":{"uv":[14.272728,9.363637,14.454546,9.545455],"rotation":0,"texture":"#cd0f4be0-f618-fc37-13f9-95a89698202d","tintindex":0},"south":{"uv":[14.272728,9.636364,14.454546,9.818182],"rotation":0,"texture":"#cd0f4be0-f618-fc37-13f9-95a89698202d","tintindex":0},"up":{"uv":[14.909091,1.909091,14.727273,1.8181819],"rotation":0,"texture":"#cd0f4be0-f618-fc37-13f9-95a89698202d","tintindex":0},"west":{"uv":[12.0,14.727273,12.090909,14.909091],"rotation":0,"texture":"#cd0f4be0-f618-fc37-13f9-95a89698202d","tintindex":0}}},{"name":"arf1","from":[7.6686983,4.3421364,5.01362],"to":[8.469225,6.4235125,5.814146],"rotation":{"angle":-22.5,"axis":"x","origin":[8.112644,7.7008824,7.6710863]},"faces":{"down":{"uv":[9.363637,15.0,9.454546,15.09091],"rotation":0,"texture":"#cd0f4be0-f618-fc37-13f9-95a89698202d","tintindex":0},"east":{"uv":[10.454546,14.545455,10.545455,14.818182],"rotation":0,"texture":"#cd0f4be0-f618-fc37-13f9-95a89698202d","tintindex":0},"north":{"uv":[10.272728,14.545455,10.363637,14.818182],"rotation":0,"texture":"#cd0f4be0-f618-fc37-13f9-95a89698202d","tintindex":0},"south":{"uv":[10.636364,14.545455,10.727273,14.818182],"rotation":0,"texture":"#cd0f4be0-f618-fc37-13f9-95a89698202d","tintindex":0},"up":{"uv":[9.272728,15.09091,9.181818,15.0],"rotation":0,"texture":"#cd0f4be0-f618-fc37-13f9-95a89698202d","tintindex":0},"west":{"uv":[11.545455,14.545455,11.636364,14.818182],"rotation":0,"texture":"#cd0f4be0-f618-fc37-13f9-95a89698202d","tintindex":0}}},{"name":"arf1","from":[7.508594,5.3868856,7.262528],"to":[8.6293335,8.588989,8.063054],"rotation":{"angle":45.0,"axis":"x","origin":[8.112644,7.7008824,7.6710863]},"faces":{"down":{"uv":[14.727273,2.3636365,14.909091,2.4545455],"rotation":0,"texture":"#cd0f4be0-f618-fc37-13f9-95a89698202d","tintindex":0},"east":{"uv":[3.6363637,14.181819,3.7272727,14.636364],"rotation":0,"texture":"#cd0f4be0-f618-fc37-13f9-95a89698202d","tintindex":0},"north":{"uv":[13.363637,5.090909,13.545455,5.5454545],"rotation":0,"texture":"#cd0f4be0-f618-fc37-13f9-95a89698202d","tintindex":0},"south":{"uv":[13.363637,5.636364,13.545455,6.0909095],"rotation":0,"texture":"#cd0f4be0-f618-fc37-13f9-95a89698202d","tintindex":0},"up":{"uv":[14.909091,2.2727273,14.727273,2.1818182],"rotation":0,"texture":"#cd0f4be0-f618-fc37-13f9-95a89698202d","tintindex":0},"west":{"uv":[3.818182,14.181819,3.909091,14.636364],"rotation":0,"texture":"#cd0f4be0-f618-fc37-13f9-95a89698202d","tintindex":0}}},{"name":"arf1","from":[7.828808,3.6858735,4.114802],"to":[8.30912,5.7672496,4.5951138],"rotation":{"angle":-45.0,"axis":"x","origin":[8.112644,7.7008824,7.6710863]},"faces":{"down":{"uv":[9.727273,15.0,9.818182,15.09091],"rotation":0,"texture":"#cd0f4be0-f618-fc37-13f9-95a89698202d","tintindex":0},"east":{"uv":[12.363637,14.545455,12.454546,14.818182],"rotation":0,"texture":"#cd0f4be0-f618-fc37-13f9-95a89698202d","tintindex":0},"north":{"uv":[12.181819,14.545455,12.272728,14.818182],"rotation":0,"texture":"#cd0f4be0-f618-fc37-13f9-95a89698202d","tintindex":0},"south":{"uv":[12.545455,14.545455,12.636364,14.818182],"rotation":0,"texture":"#cd0f4be0-f618-fc37-13f9-95a89698202d","tintindex":0},"up":{"uv":[9.636364,15.09091,9.545455,15.0],"rotation":0,"texture":"#cd0f4be0-f618-fc37-13f9-95a89698202d","tintindex":0},"west":{"uv":[12.909091,14.545455,13.0,14.818182],"rotation":0,"texture":"#cd0f4be0-f618-fc37-13f9-95a89698202d","tintindex":0}}},{"name":"arf1","from":[7.9889183,2.8853543,4.238906],"to":[8.149022,3.6858804,4.5591145],"rotation":{"angle":-45.0,"axis":"x","origin":[8.112644,7.7008824,7.6710863]},"faces":{"down":{"uv":[14.727273,15.0,14.818182,15.09091],"rotation":0,"texture":"#cd0f4be0-f618-fc37-13f9-95a89698202d","tintindex":0},"east":{"uv":[10.818182,15.0,10.909091,15.09091],"rotation":0,"texture":"#cd0f4be0-f618-fc37-13f9-95a89698202d","tintindex":0},"north":{"uv":[9.909091,15.0,10.0,15.09091],"rotation":0,"texture":"#cd0f4be0-f618-fc37-13f9-95a89698202d","tintindex":0},"south":{"uv":[11.0,15.0,11.090909,15.09091],"rotation":0,"texture":"#cd0f4be0-f618-fc37-13f9-95a89698202d","tintindex":0},"up":{"uv":[12.818182,15.09091,12.727273,15.0],"rotation":0,"texture":"#cd0f4be0-f618-fc37-13f9-95a89698202d","tintindex":0},"west":{"uv":[11.909091,15.0,12.0,15.09091],"rotation":0,"texture":"#cd0f4be0-f618-fc37-13f9-95a89698202d","tintindex":0}}}],"display":{"head":{"translation":[0.0,-6.4,0.0],"rotation":[0.0,0.0,0.0],"scale":[3.8095,3.8095,3.8095]},"gui":{"translation":[0.0,0.0,0.0],"rotation":[35.0,225.0,0.0],"scale":[0.625,0.625,0.625]}}}