{"file_name":"arf2","texture_size":[176,176],"textures":{"cd0f4be0-f618-fc37-13f9-95a89698202d":"modelengine:entity/ifrit"},"elements":[{"name":"arf2","from":[6.5517435,7.1714296,7.104704],"to":[9.593744,8.452274,8.865866],"rotation":{"angle":-45.0,"axis":"z","origin":[7.881074,7.2833776,8.11337]},"faces":{"down":{"uv":[12.818182,9.909091,13.272728,10.181818],"rotation":0,"texture":"#cd0f4be0-f618-fc37-13f9-95a89698202d","tintindex":0},"east":{"uv":[3.6363637,13.909091,3.909091,14.09091],"rotation":0,"texture":"#cd0f4be0-f618-fc37-13f9-95a89698202d","tintindex":0},"north":{"uv":[13.363637,9.454546,13.818182,9.636364],"rotation":0,"texture":"#cd0f4be0-f618-fc37-13f9-95a89698202d","tintindex":0},"south":{"uv":[13.363637,9.727273,13.818182,9.909091],"rotation":0,"texture":"#cd0f4be0-f618-fc37-13f9-95a89698202d","tintindex":0},"up":{"uv":[13.272728,9.818182,12.818182,9.545455],"rotation":0,"texture":"#cd0f4be0-f618-fc37-13f9-95a89698202d","tintindex":0},"west":{"uv":[5.1818185,13.909091,5.4545455,14.09091],"rotation":0,"texture":"#cd0f4be0-f618-fc37-13f9-95a89698202d","tintindex":0}}},{"name":"arf2","from":[8.505014,5.0856256,7.280918],"to":[9.30554,6.3664703,8.721866],"rotation":{"angle":22.5,"axis":"z","origin":[7.881074,7.2833776,7.96937]},"faces":{"down":{"uv":[14.727273,13.363637,14.818182,13.545455],"rotation":0,"texture":"#cd0f4be0-f618-fc37-13f9-95a89698202d","tintindex":0},"east":{"uv":[14.272728,12.181819,14.454546,12.363637],"rotation":0,"texture":"#cd0f4be0-f618-fc37-13f9-95a89698202d","tintindex":0},"north":{"uv":[14.727273,11.454546,14.818182,11.636364],"rotation":0,"texture":"#cd0f4be0-f618-fc37-13f9-95a89698202d","tintindex":0},"south":{"uv":[14.727273,12.0,14.818182,12.181819],"rotation":0,"texture":"#cd0f4be0-f618-fc37-13f9-95a89698202d","tintindex":0},"up":{"uv":[14.818182,12.454546,14.727273,12.272728],"rotation":0,"texture":"#cd0f4be0-f618-fc37-13f9-95a89698202d","tintindex":0},"west":{"uv":[14.272728,12.454546,14.454546,12.636364],"rotation":0,"texture":"#cd0f4be0-f618-fc37-13f9-95a89698202d","tintindex":0}}},{"name":"arf2","from":[9.176366,3.7044864,7.6011257],"to":[9.976892,5.945959,8.401652],"rotation":{"angle":0.0,"axis":"x","origin":[-2.4281807,-6.430601,10.377656]},"faces":{"down":{"uv":[0.54545456,15.09091,0.6363636,15.181819],"rotation":0,"texture":"#cd0f4be0-f618-fc37-13f9-95a89698202d","tintindex":0},"east":{"uv":[6.4545455,14.363637,6.545455,14.727273],"rotation":0,"texture":"#cd0f4be0-f618-fc37-13f9-95a89698202d","tintindex":0},"north":{"uv":[14.272728,12.727273,14.363637,13.09091],"rotation":0,"texture":"#cd0f4be0-f618-fc37-13f9-95a89698202d","tintindex":0},"south":{"uv":[6.636364,14.363637,6.727273,14.727273],"rotation":0,"texture":"#cd0f4be0-f618-fc37-13f9-95a89698202d","tintindex":0},"up":{"uv":[0.45454547,15.181819,0.36363637,15.09091],"rotation":0,"texture":"#cd0f4be0-f618-fc37-13f9-95a89698202d","tintindex":0},"west":{"uv":[8.545455,14.363637,8.636364,14.727273],"rotation":0,"texture":"#cd0f4be0-f618-fc37-13f9-95a89698202d","tintindex":0}}},{"name":"arf2","from":[10.461134,3.47828,7.76123],"to":[10.941446,5.079338,8.241542],"rotation":{"angle":-22.5,"axis":"z","origin":[7.881074,7.2833776,7.96937]},"faces":{"down":{"uv":[1.3636364,15.09091,1.4545455,15.181819],"rotation":0,"texture":"#cd0f4be0-f618-fc37-13f9-95a89698202d","tintindex":0},"east":{"uv":[14.545455,1.8181819,14.636364,2.0909092],"rotation":0,"texture":"#cd0f4be0-f618-fc37-13f9-95a89698202d","tintindex":0},"north":{"uv":[14.454546,14.545455,14.545455,14.818182],"rotation":0,"texture":"#cd0f4be0-f618-fc37-13f9-95a89698202d","tintindex":0},"south":{"uv":[14.545455,2.1818182,14.636364,2.4545455],"rotation":0,"texture":"#cd0f4be0-f618-fc37-13f9-95a89698202d","tintindex":0},"up":{"uv":[0.8181819,15.181819,0.72727275,15.09091],"rotation":0,"texture":"#cd0f4be0-f618-fc37-13f9-95a89698202d","tintindex":0},"west":{"uv":[14.545455,3.1818182,14.636364,3.4545455],"rotation":0,"texture":"#cd0f4be0-f618-fc37-13f9-95a89698202d","tintindex":0}}},{"name":"arf2","from":[10.4971285,2.9979675,7.92134],"to":[10.817337,3.7984939,8.081444],"rotation":{"angle":-22.5,"axis":"z","origin":[7.881074,7.2833776,7.96937]},"faces":{"down":{"uv":[2.4545455,15.09091,2.5454545,15.181819],"rotation":0,"texture":"#cd0f4be0-f618-fc37-13f9-95a89698202d","tintindex":0},"east":{"uv":[1.7272727,15.09091,1.8181819,15.181819],"rotation":0,"texture":"#cd0f4be0-f618-fc37-13f9-95a89698202d","tintindex":0},"north":{"uv":[1.5454546,15.09091,1.6363637,15.181819],"rotation":0,"texture":"#cd0f4be0-f618-fc37-13f9-95a89698202d","tintindex":0},"south":{"uv":[1.909091,15.09091,2.0,15.181819],"rotation":0,"texture":"#cd0f4be0-f618-fc37-13f9-95a89698202d","tintindex":0},"up":{"uv":[2.3636365,15.181819,2.2727273,15.09091],"rotation":0,"texture":"#cd0f4be0-f618-fc37-13f9-95a89698202d","tintindex":0},"west":{"uv":[2.0909092,15.09091,2.1818182,15.181819],"rotation":0,"texture":"#cd0f4be0-f618-fc37-13f9-95a89698202d","tintindex":0}}}],"display":{"head":{"translation":[0.0,-6.4,0.0],"rotation":[0.0,0.0,0.0],"scale":[3.8095,3.8095,3.8095]},"gui":{"translation":[0.0,0.0,0.0],"rotation":[35.0,225.0,0.0],"scale":[0.625,0.625,0.625]}}}