{"file_name":"arf3","texture_size":[176,176],"textures":{"cd0f4be0-f618-fc37-13f9-95a89698202d":"modelengine:entity/ifrit"},"elements":[{"name":"arf3","from":[5.4064274,7.366885,6.654704],"to":[8.448427,8.487619,8.415866],"rotation":{"angle":45.0,"axis":"z","origin":[7.6771817,8.005447,7.66337]},"faces":{"down":{"uv":[12.818182,6.1818185,13.272728,6.4545455],"rotation":0,"texture":"#cd0f4be0-f618-fc37-13f9-95a89698202d","tintindex":0},"east":{"uv":[13.818182,9.181818,14.09091,9.363637],"rotation":0,"texture":"#cd0f4be0-f618-fc37-13f9-95a89698202d","tintindex":0},"north":{"uv":[13.363637,3.3636365,13.818182,3.5454547],"rotation":0,"texture":"#cd0f4be0-f618-fc37-13f9-95a89698202d","tintindex":0},"south":{"uv":[13.363637,6.1818185,13.818182,6.3636365],"rotation":0,"texture":"#cd0f4be0-f618-fc37-13f9-95a89698202d","tintindex":0},"up":{"uv":[13.272728,6.0909095,12.818182,5.818182],"rotation":0,"texture":"#cd0f4be0-f618-fc37-13f9-95a89698202d","tintindex":0},"west":{"uv":[13.818182,11.0,14.09091,11.181819],"rotation":0,"texture":"#cd0f4be0-f618-fc37-13f9-95a89698202d","tintindex":0}}},{"name":"arf3","from":[6.67358,5.189395,6.914918],"to":[7.474106,6.31013,8.3558655],"rotation":{"angle":-22.5,"axis":"z","origin":[7.6771817,8.005447,7.60337]},"faces":{"down":{"uv":[14.727273,8.272728,14.818182,8.454546],"rotation":0,"texture":"#cd0f4be0-f618-fc37-13f9-95a89698202d","tintindex":0},"east":{"uv":[14.272728,9.909091,14.454546,10.090909],"rotation":0,"texture":"#cd0f4be0-f618-fc37-13f9-95a89698202d","tintindex":0},"north":{"uv":[14.727273,7.0909095,14.818182,7.2727275],"rotation":0,"texture":"#cd0f4be0-f618-fc37-13f9-95a89698202d","tintindex":0},"south":{"uv":[14.727273,7.3636365,14.818182,7.545455],"rotation":0,"texture":"#cd0f4be0-f618-fc37-13f9-95a89698202d","tintindex":0},"up":{"uv":[14.818182,8.181818,14.727273,8.0],"rotation":0,"texture":"#cd0f4be0-f618-fc37-13f9-95a89698202d","tintindex":0},"west":{"uv":[14.272728,11.181819,14.454546,11.363637],"rotation":0,"texture":"#cd0f4be0-f618-fc37-13f9-95a89698202d","tintindex":0}}},{"name":"arf3","from":[5.6723175,3.706441,7.235126],"to":[6.4728436,5.787817,8.035652],"rotation":{"angle":0.0,"axis":"x","origin":[0.04143715,-6.588743,9.927656]},"faces":{"down":{"uv":[15.0,4.3636365,15.09091,4.4545455],"rotation":0,"texture":"#cd0f4be0-f618-fc37-13f9-95a89698202d","tintindex":0},"east":{"uv":[13.272728,14.545455,13.363637,14.818182],"rotation":0,"texture":"#cd0f4be0-f618-fc37-13f9-95a89698202d","tintindex":0},"north":{"uv":[13.09091,14.545455,13.181819,14.818182],"rotation":0,"texture":"#cd0f4be0-f618-fc37-13f9-95a89698202d","tintindex":0},"south":{"uv":[13.454546,14.545455,13.545455,14.818182],"rotation":0,"texture":"#cd0f4be0-f618-fc37-13f9-95a89698202d","tintindex":0},"up":{"uv":[15.09091,4.2727275,15.0,4.1818185],"rotation":0,"texture":"#cd0f4be0-f618-fc37-13f9-95a89698202d","tintindex":0},"west":{"uv":[14.272728,14.545455,14.363637,14.818182],"rotation":0,"texture":"#cd0f4be0-f618-fc37-13f9-95a89698202d","tintindex":0}}},{"name":"arf3","from":[4.3640056,3.5124316,7.3952303],"to":[4.844318,4.9533787,7.875542],"rotation":{"angle":22.5,"axis":"z","origin":[7.6771817,8.005447,7.60337]},"faces":{"down":{"uv":[15.0,12.636364,15.09091,12.727273],"rotation":0,"texture":"#cd0f4be0-f618-fc37-13f9-95a89698202d","tintindex":0},"east":{"uv":[14.727273,10.636364,14.818182,10.818182],"rotation":0,"texture":"#cd0f4be0-f618-fc37-13f9-95a89698202d","tintindex":0},"north":{"uv":[14.727273,8.545455,14.818182,8.727273],"rotation":0,"texture":"#cd0f4be0-f618-fc37-13f9-95a89698202d","tintindex":0},"south":{"uv":[14.727273,10.909091,14.818182,11.090909],"rotation":0,"texture":"#cd0f4be0-f618-fc37-13f9-95a89698202d","tintindex":0},"up":{"uv":[15.09091,12.545455,15.0,12.454546],"rotation":0,"texture":"#cd0f4be0-f618-fc37-13f9-95a89698202d","tintindex":0},"west":{"uv":[14.727273,11.181819,14.818182,11.363637],"rotation":0,"texture":"#cd0f4be0-f618-fc37-13f9-95a89698202d","tintindex":0}}},{"name":"arf3","from":[4.45211,3.0321195,7.55534],"to":[4.7723174,3.6725411,7.7154436],"rotation":{"angle":22.5,"axis":"z","origin":[7.6771817,8.005447,7.60337]},"faces":{"down":{"uv":[0.18181819,15.09091,0.27272728,15.181819],"rotation":0,"texture":"#cd0f4be0-f618-fc37-13f9-95a89698202d","tintindex":0},"east":{"uv":[15.0,13.545455,15.09091,13.636364],"rotation":0,"texture":"#cd0f4be0-f618-fc37-13f9-95a89698202d","tintindex":0},"north":{"uv":[15.0,13.09091,15.09091,13.181819],"rotation":0,"texture":"#cd0f4be0-f618-fc37-13f9-95a89698202d","tintindex":0},"south":{"uv":[15.0,14.181819,15.09091,14.272728],"rotation":0,"texture":"#cd0f4be0-f618-fc37-13f9-95a89698202d","tintindex":0},"up":{"uv":[15.09091,14.909091,15.0,14.818182],"rotation":0,"texture":"#cd0f4be0-f618-fc37-13f9-95a89698202d","tintindex":0},"west":{"uv":[15.0,14.636364,15.09091,14.727273],"rotation":0,"texture":"#cd0f4be0-f618-fc37-13f9-95a89698202d","tintindex":0}}}],"display":{"head":{"translation":[0.0,-6.4,0.0],"rotation":[0.0,0.0,0.0],"scale":[3.8095,3.8095,3.8095]},"gui":{"translation":[0.0,0.0,0.0],"rotation":[35.0,225.0,0.0],"scale":[0.625,0.625,0.625]}}}