{"file_name":"arf4","texture_size":[176,176],"textures":{"cd0f4be0-f618-fc37-13f9-95a89698202d":"modelengine:entity/ifrit"},"elements":[{"name":"arf4","from":[7.4938884,6.784641,8.043536],"to":[7.9870167,8.193572,8.395765],"rotation":{"angle":-45.0,"axis":"x","origin":[7.740453,7.944945,8.276175]},"faces":{"down":{"uv":[15.0,0.0,15.09091,0.09090909],"rotation":0,"texture":"#cd0f4be0-f618-fc37-13f9-95a89698202d","tintindex":0},"east":{"uv":[14.727273,2.7272727,14.818182,2.909091],"rotation":0,"texture":"#cd0f4be0-f618-fc37-13f9-95a89698202d","tintindex":0},"north":{"uv":[12.727273,14.727273,12.818182,14.909091],"rotation":0,"texture":"#cd0f4be0-f618-fc37-13f9-95a89698202d","tintindex":0},"south":{"uv":[14.727273,3.0,14.818182,3.1818182],"rotation":0,"texture":"#cd0f4be0-f618-fc37-13f9-95a89698202d","tintindex":0},"up":{"uv":[15.0,15.09091,14.909091,15.0],"rotation":0,"texture":"#cd0f4be0-f618-fc37-13f9-95a89698202d","tintindex":0},"west":{"uv":[14.727273,3.2727275,14.818182,3.4545455],"rotation":0,"texture":"#cd0f4be0-f618-fc37-13f9-95a89698202d","tintindex":0}}},{"name":"arf4","from":[7.4234476,6.7647085,8.847097],"to":[8.057462,7.3282766,9.199328],"rotation":{"angle":0.0,"axis":"x","origin":[-2.8117604,-5.8768063,9.135548]},"faces":{"down":{"uv":[15.0,1.2727273,15.09091,1.3636364],"rotation":0,"texture":"#cd0f4be0-f618-fc37-13f9-95a89698202d","tintindex":0},"east":{"uv":[15.0,0.36363637,15.09091,0.45454547],"rotation":0,"texture":"#cd0f4be0-f618-fc37-13f9-95a89698202d","tintindex":0},"north":{"uv":[15.0,0.18181819,15.09091,0.27272728],"rotation":0,"texture":"#cd0f4be0-f618-fc37-13f9-95a89698202d","tintindex":0},"south":{"uv":[15.0,0.54545456,15.09091,0.6363636],"rotation":0,"texture":"#cd0f4be0-f618-fc37-13f9-95a89698202d","tintindex":0},"up":{"uv":[15.09091,1.1818182,15.0,1.0909091],"rotation":0,"texture":"#cd0f4be0-f618-fc37-13f9-95a89698202d","tintindex":0},"west":{"uv":[15.0,0.90909094,15.09091,1.0],"rotation":0,"texture":"#cd0f4be0-f618-fc37-13f9-95a89698202d","tintindex":0}}},{"name":"arf4","from":[7.5643406,6.35711,9.201525],"to":[7.91657,7.2729144,9.553755],"rotation":{"angle":22.5,"axis":"x","origin":[7.740453,7.944945,8.276175]},"faces":{"down":{"uv":[15.0,1.6363637,15.09091,1.7272727],"rotation":0,"texture":"#cd0f4be0-f618-fc37-13f9-95a89698202d","tintindex":0},"east":{"uv":[14.727273,4.909091,14.818182,5.090909],"rotation":0,"texture":"#cd0f4be0-f618-fc37-13f9-95a89698202d","tintindex":0},"north":{"uv":[14.727273,4.636364,14.818182,4.818182],"rotation":0,"texture":"#cd0f4be0-f618-fc37-13f9-95a89698202d","tintindex":0},"south":{"uv":[14.727273,5.4545455,14.818182,5.636364],"rotation":0,"texture":"#cd0f4be0-f618-fc37-13f9-95a89698202d","tintindex":0},"up":{"uv":[15.09091,1.5454546,15.0,1.4545455],"rotation":0,"texture":"#cd0f4be0-f618-fc37-13f9-95a89698202d","tintindex":0},"west":{"uv":[14.727273,5.727273,14.818182,5.909091],"rotation":0,"texture":"#cd0f4be0-f618-fc37-13f9-95a89698202d","tintindex":0}}},{"name":"arf4","from":[7.6347857,6.118161,9.783752],"to":[7.8461237,7.033964,9.9950905],"rotation":{"angle":45.0,"axis":"x","origin":[7.740453,7.944945,8.276175]},"faces":{"down":{"uv":[15.0,2.0,15.09091,2.0909092],"rotation":0,"texture":"#cd0f4be0-f618-fc37-13f9-95a89698202d","tintindex":0},"east":{"uv":[14.727273,6.2727275,14.818182,6.4545455],"rotation":0,"texture":"#cd0f4be0-f618-fc37-13f9-95a89698202d","tintindex":0},"north":{"uv":[14.727273,6.0,14.818182,6.1818185],"rotation":0,"texture":"#cd0f4be0-f618-fc37-13f9-95a89698202d","tintindex":0},"south":{"uv":[14.727273,6.545455,14.818182,6.727273],"rotation":0,"texture":"#cd0f4be0-f618-fc37-13f9-95a89698202d","tintindex":0},"up":{"uv":[15.09091,1.909091,15.0,1.8181819],"rotation":0,"texture":"#cd0f4be0-f618-fc37-13f9-95a89698202d","tintindex":0},"west":{"uv":[14.727273,6.818182,14.818182,7.0],"rotation":0,"texture":"#cd0f4be0-f618-fc37-13f9-95a89698202d","tintindex":0}}},{"name":"arf4","from":[7.7052207,5.76593,9.795752],"to":[7.775672,6.118161,9.936644],"rotation":{"angle":45.0,"axis":"x","origin":[7.740453,7.944945,8.276175]},"faces":{"down":{"uv":[15.0,4.0,15.09091,4.090909],"rotation":0,"texture":"#cd0f4be0-f618-fc37-13f9-95a89698202d","tintindex":0},"east":{"uv":[15.0,2.3636365,15.09091,2.4545455],"rotation":0,"texture":"#cd0f4be0-f618-fc37-13f9-95a89698202d","tintindex":0},"north":{"uv":[15.0,2.1818182,15.09091,2.2727273],"rotation":0,"texture":"#cd0f4be0-f618-fc37-13f9-95a89698202d","tintindex":0},"south":{"uv":[15.0,3.4545455,15.09091,3.5454547],"rotation":0,"texture":"#cd0f4be0-f618-fc37-13f9-95a89698202d","tintindex":0},"up":{"uv":[15.09091,3.909091,15.0,3.818182],"rotation":0,"texture":"#cd0f4be0-f618-fc37-13f9-95a89698202d","tintindex":0},"west":{"uv":[15.0,3.6363637,15.09091,3.7272727],"rotation":0,"texture":"#cd0f4be0-f618-fc37-13f9-95a89698202d","tintindex":0}}}],"display":{"head":{"translation":[0.0,-6.4,0.0],"rotation":[0.0,0.0,0.0],"scale":[3.8095,3.8095,3.8095]},"gui":{"translation":[0.0,0.0,0.0],"rotation":[35.0,225.0,0.0],"scale":[0.625,0.625,0.625]}}}