{"file_name":"armleft","texture_size":[176,176],"textures":{"cd0f4be0-f618-fc37-13f9-95a89698202d":"modelengine:entity/ifrit"},"elements":[{"name":"armleft","from":[4.328431,3.5553572,4.1784554],"to":[9.772009,8.358519,9.622034],"rotation":{"angle":-22.5,"axis":"z","origin":[8.1720915,6.5747137,6.3238697]},"faces":{"down":{"uv":[6.818182,3.2727275,7.636364,4.090909],"rotation":0,"texture":"#cd0f4be0-f618-fc37-13f9-95a89698202d","tintindex":0},"east":{"uv":[6.3636365,7.727273,7.1818185,8.454546],"rotation":0,"texture":"#cd0f4be0-f618-fc37-13f9-95a89698202d","tintindex":0},"north":{"uv":[4.090909,7.727273,4.909091,8.454546],"rotation":0,"texture":"#cd0f4be0-f618-fc37-13f9-95a89698202d","tintindex":0},"south":{"uv":[7.2727275,7.727273,8.090909,8.454546],"rotation":0,"texture":"#cd0f4be0-f618-fc37-13f9-95a89698202d","tintindex":0},"up":{"uv":[7.636364,7.636364,6.818182,6.818182],"rotation":0,"texture":"#cd0f4be0-f618-fc37-13f9-95a89698202d","tintindex":0},"west":{"uv":[7.727273,3.0909092,8.545455,3.818182],"rotation":0,"texture":"#cd0f4be0-f618-fc37-13f9-95a89698202d","tintindex":0}}},{"name":"armleft","from":[4.7450237,-2.2272692,4.338566],"to":[9.388076,5.297679,9.461936],"rotation":{"angle":-22.5,"axis":"z","origin":[8.1720915,6.5747137,6.3238697]},"faces":{"down":{"uv":[7.727273,6.636364,8.454546,7.4545455],"rotation":0,"texture":"#cd0f4be0-f618-fc37-13f9-95a89698202d","tintindex":0},"east":{"uv":[4.1818185,4.909091,5.0,6.0909095],"rotation":0,"texture":"#cd0f4be0-f618-fc37-13f9-95a89698202d","tintindex":0},"north":{"uv":[5.1818185,2.5454545,5.909091,3.7272727],"rotation":0,"texture":"#cd0f4be0-f618-fc37-13f9-95a89698202d","tintindex":0},"south":{"uv":[5.3636365,3.818182,6.0909095,5.0],"rotation":0,"texture":"#cd0f4be0-f618-fc37-13f9-95a89698202d","tintindex":0},"up":{"uv":[8.454546,4.727273,7.727273,3.909091],"rotation":0,"texture":"#cd0f4be0-f618-fc37-13f9-95a89698202d","tintindex":0},"west":{"uv":[5.090909,5.090909,5.909091,6.2727275],"rotation":0,"texture":"#cd0f4be0-f618-fc37-13f9-95a89698202d","tintindex":0}}},{"name":"armleft","from":[5.545555,-1.9070544,4.818884],"to":[8.267342,3.3764243,4.9789877],"rotation":{"angle":-22.5,"axis":"z","origin":[8.1720915,6.5747137,6.3238697]},"faces":{"down":{"uv":[14.0,10.272728,14.454546,10.363637],"rotation":0,"texture":"#cd0f4be0-f618-fc37-13f9-95a89698202d","tintindex":0},"east":{"uv":[6.545455,13.454546,6.636364,14.272728],"rotation":0,"texture":"#cd0f4be0-f618-fc37-13f9-95a89698202d","tintindex":0},"north":{"uv":[9.363637,4.636364,9.818182,5.4545455],"rotation":0,"texture":"#cd0f4be0-f618-fc37-13f9-95a89698202d","tintindex":0},"south":{"uv":[9.454546,6.4545455,9.909091,7.2727275],"rotation":0,"texture":"#cd0f4be0-f618-fc37-13f9-95a89698202d","tintindex":0},"up":{"uv":[14.454546,9.090909,14.0,9.0],"rotation":0,"texture":"#cd0f4be0-f618-fc37-13f9-95a89698202d","tintindex":0},"west":{"uv":[6.727273,13.454546,6.818182,14.272728],"rotation":0,"texture":"#cd0f4be0-f618-fc37-13f9-95a89698202d","tintindex":0}}},{"name":"armleft","from":[5.3854513,-2.2272692,5.139092],"to":[8.427452,3.3764195,5.619404],"rotation":{"angle":-22.5,"axis":"z","origin":[8.1720915,6.5747137,6.3238697]},"faces":{"down":{"uv":[14.0,10.636364,14.454546,10.727273],"rotation":0,"texture":"#cd0f4be0-f618-fc37-13f9-95a89698202d","tintindex":0},"east":{"uv":[8.545455,13.454546,8.636364,14.272728],"rotation":0,"texture":"#cd0f4be0-f618-fc37-13f9-95a89698202d","tintindex":0},"north":{"uv":[9.454546,7.3636365,9.909091,8.181818],"rotation":0,"texture":"#cd0f4be0-f618-fc37-13f9-95a89698202d","tintindex":0},"south":{"uv":[9.454546,8.272728,9.909091,9.090909],"rotation":0,"texture":"#cd0f4be0-f618-fc37-13f9-95a89698202d","tintindex":0},"up":{"uv":[14.454546,10.545455,14.0,10.454546],"rotation":0,"texture":"#cd0f4be0-f618-fc37-13f9-95a89698202d","tintindex":0},"west":{"uv":[8.727273,13.454546,8.818182,14.272728],"rotation":0,"texture":"#cd0f4be0-f618-fc37-13f9-95a89698202d","tintindex":0}}}],"display":{"head":{"translation":[0.0,-6.4,0.0],"rotation":[0.0,0.0,0.0],"scale":[3.8095,3.8095,3.8095]},"gui":{"translation":[0.0,0.0,0.0],"rotation":[35.0,225.0,0.0],"scale":[0.625,0.625,0.625]}}}