{"file_name":"armright","texture_size":[176,176],"textures":{"cd0f4be0-f618-fc37-13f9-95a89698202d":"modelengine:entity/ifrit"},"elements":[{"name":"armright","from":[5.0769615,4.5032897,5.302082],"to":[10.52054,9.306454,10.745661],"rotation":{"angle":22.5,"axis":"z","origin":[8.06111,7.983495,7.44749]},"faces":{"down":{"uv":[2.2727273,6.909091,3.0909092,7.727273],"rotation":0,"texture":"#cd0f4be0-f618-fc37-13f9-95a89698202d","tintindex":0},"east":{"uv":[3.1818182,7.818182,4.0,8.545455],"rotation":0,"texture":"#cd0f4be0-f618-fc37-13f9-95a89698202d","tintindex":0},"north":{"uv":[2.2727273,7.818182,3.0909092,8.545455],"rotation":0,"texture":"#cd0f4be0-f618-fc37-13f9-95a89698202d","tintindex":0},"south":{"uv":[0.0,8.0,0.8181819,8.727273],"rotation":0,"texture":"#cd0f4be0-f618-fc37-13f9-95a89698202d","tintindex":0},"up":{"uv":[7.636364,5.0,6.818182,4.1818185],"rotation":0,"texture":"#cd0f4be0-f618-fc37-13f9-95a89698202d","tintindex":0},"west":{"uv":[0.90909094,8.0,1.7272727,8.727273],"rotation":0,"texture":"#cd0f4be0-f618-fc37-13f9-95a89698202d","tintindex":0}}},{"name":"armright","from":[5.46089,-1.2793417,5.462186],"to":[10.103942,6.245607,10.585556],"rotation":{"angle":22.5,"axis":"z","origin":[8.06111,7.983495,7.44749]},"faces":{"down":{"uv":[8.0,0.90909094,8.727273,1.7272727],"rotation":0,"texture":"#cd0f4be0-f618-fc37-13f9-95a89698202d","tintindex":0},"east":{"uv":[5.1818185,0.0,6.0,1.1818182],"rotation":0,"texture":"#cd0f4be0-f618-fc37-13f9-95a89698202d","tintindex":0},"north":{"uv":[0.0,5.818182,0.72727275,7.0],"rotation":0,"texture":"#cd0f4be0-f618-fc37-13f9-95a89698202d","tintindex":0},"south":{"uv":[0.8181819,5.818182,1.5454546,7.0],"rotation":0,"texture":"#cd0f4be0-f618-fc37-13f9-95a89698202d","tintindex":0},"up":{"uv":[8.727273,0.8181819,8.0,0.0],"rotation":0,"texture":"#cd0f4be0-f618-fc37-13f9-95a89698202d","tintindex":0},"west":{"uv":[5.1818185,1.2727273,6.0,2.4545455],"rotation":0,"texture":"#cd0f4be0-f618-fc37-13f9-95a89698202d","tintindex":0}}},{"name":"armright","from":[6.5816298,-0.9591265,5.942504],"to":[9.303415,4.3243523,6.1026077],"rotation":{"angle":22.5,"axis":"z","origin":[8.06111,7.983495,7.44749]},"faces":{"down":{"uv":[14.09091,13.909091,14.545455,14.0],"rotation":0,"texture":"#cd0f4be0-f618-fc37-13f9-95a89698202d","tintindex":0},"east":{"uv":[1.6363637,13.636364,1.7272727,14.454546],"rotation":0,"texture":"#cd0f4be0-f618-fc37-13f9-95a89698202d","tintindex":0},"north":{"uv":[4.727273,9.545455,5.1818185,10.363637],"rotation":0,"texture":"#cd0f4be0-f618-fc37-13f9-95a89698202d","tintindex":0},"south":{"uv":[5.2727275,9.545455,5.727273,10.363637],"rotation":0,"texture":"#cd0f4be0-f618-fc37-13f9-95a89698202d","tintindex":0},"up":{"uv":[14.545455,7.909091,14.09091,7.818182],"rotation":0,"texture":"#cd0f4be0-f618-fc37-13f9-95a89698202d","tintindex":0},"west":{"uv":[1.8181819,13.636364,1.909091,14.454546],"rotation":0,"texture":"#cd0f4be0-f618-fc37-13f9-95a89698202d","tintindex":0}}},{"name":"armright","from":[6.4215198,-1.2793417,6.2627125],"to":[9.46352,4.3243475,6.743024],"rotation":{"angle":22.5,"axis":"z","origin":[8.06111,7.983495,7.44749]},"faces":{"down":{"uv":[10.909091,14.181819,11.363637,14.272728],"rotation":0,"texture":"#cd0f4be0-f618-fc37-13f9-95a89698202d","tintindex":0},"east":{"uv":[2.0,13.636364,2.0909092,14.454546],"rotation":0,"texture":"#cd0f4be0-f618-fc37-13f9-95a89698202d","tintindex":0},"north":{"uv":[7.2727275,9.545455,7.727273,10.363637],"rotation":0,"texture":"#cd0f4be0-f618-fc37-13f9-95a89698202d","tintindex":0},"south":{"uv":[7.818182,9.545455,8.272728,10.363637],"rotation":0,"texture":"#cd0f4be0-f618-fc37-13f9-95a89698202d","tintindex":0},"up":{"uv":[9.818182,14.272728,9.363637,14.181819],"rotation":0,"texture":"#cd0f4be0-f618-fc37-13f9-95a89698202d","tintindex":0},"west":{"uv":[13.363637,13.636364,13.454546,14.454546],"rotation":0,"texture":"#cd0f4be0-f618-fc37-13f9-95a89698202d","tintindex":0}}}],"display":{"head":{"translation":[0.0,-6.4,0.0],"rotation":[0.0,0.0,0.0],"scale":[3.8095,3.8095,3.8095]},"gui":{"translation":[0.0,0.0,0.0],"rotation":[35.0,225.0,0.0],"scale":[0.625,0.625,0.625]}}}