{"file_name":"bodynolegs","texture_size":[176,176],"textures":{"cd0f4be0-f618-fc37-13f9-95a89698202d":"modelengine:entity/ifrit"},"elements":[{"name":"bodynolegs","from":[4.3416376,6.7877054,7.0653143],"to":[5.3022738,12.231284,10.267418],"rotation":{"angle":-22.5,"axis":"z","origin":[7.66961,8.379374,8.846018]},"faces":{"down":{"uv":[13.09091,13.272728,13.272728,13.727273],"rotation":0,"texture":"#cd0f4be0-f618-fc37-13f9-95a89698202d","tintindex":0},"east":{"uv":[6.727273,9.363637,7.1818185,10.181818],"rotation":0,"texture":"#cd0f4be0-f618-fc37-13f9-95a89698202d","tintindex":0},"north":{"uv":[0.6363636,12.090909,0.8181819,12.909091],"rotation":0,"texture":"#cd0f4be0-f618-fc37-13f9-95a89698202d","tintindex":0},"south":{"uv":[0.90909094,12.272728,1.0909091,13.09091],"rotation":0,"texture":"#cd0f4be0-f618-fc37-13f9-95a89698202d","tintindex":0},"up":{"uv":[13.0,13.727273,12.818182,13.272728],"rotation":0,"texture":"#cd0f4be0-f618-fc37-13f9-95a89698202d","tintindex":0},"west":{"uv":[9.363637,3.7272727,9.818182,4.5454545],"rotation":0,"texture":"#cd0f4be0-f618-fc37-13f9-95a89698202d","tintindex":0}}},{"name":"bodynolegs","from":[6.016658,7.167248,6.8591356],"to":[9.859184,15.467817,10.541557],"rotation":{"angle":0.0,"axis":"x","origin":[7.827848,-8.916005,7.7651362]},"faces":{"down":{"uv":[2.4545455,10.090909,3.0,10.636364],"rotation":0,"texture":"#cd0f4be0-f618-fc37-13f9-95a89698202d","tintindex":0},"east":{"uv":[6.1818185,3.2727275,6.727273,4.5454545],"rotation":0,"texture":"#cd0f4be0-f618-fc37-13f9-95a89698202d","tintindex":0},"north":{"uv":[4.1818185,6.1818185,4.727273,7.4545455],"rotation":0,"texture":"#cd0f4be0-f618-fc37-13f9-95a89698202d","tintindex":0},"south":{"uv":[4.818182,6.3636365,5.3636365,7.636364],"rotation":0,"texture":"#cd0f4be0-f618-fc37-13f9-95a89698202d","tintindex":0},"up":{"uv":[2.3636365,10.636364,1.8181819,10.090909],"rotation":0,"texture":"#cd0f4be0-f618-fc37-13f9-95a89698202d","tintindex":0},"west":{"uv":[1.6363637,6.636364,2.1818182,7.909091],"rotation":0,"texture":"#cd0f4be0-f618-fc37-13f9-95a89698202d","tintindex":0}}},{"name":"bodynolegs","from":[10.343828,7.2211404,7.0653143],"to":[11.624673,12.184406,10.427523],"rotation":{"angle":22.5,"axis":"z","origin":[7.66961,8.379374,8.846018]},"faces":{"down":{"uv":[1.1818182,13.181819,1.3636364,13.727273],"rotation":0,"texture":"#cd0f4be0-f618-fc37-13f9-95a89698202d","tintindex":0},"east":{"uv":[4.090909,9.363637,4.636364,10.090909],"rotation":0,"texture":"#cd0f4be0-f618-fc37-13f9-95a89698202d","tintindex":0},"north":{"uv":[9.0,12.545455,9.181818,13.272728],"rotation":0,"texture":"#cd0f4be0-f618-fc37-13f9-95a89698202d","tintindex":0},"south":{"uv":[12.0,12.545455,12.181819,13.272728],"rotation":0,"texture":"#cd0f4be0-f618-fc37-13f9-95a89698202d","tintindex":0},"up":{"uv":[6.0,10.090909,5.818182,9.545455],"rotation":0,"texture":"#cd0f4be0-f618-fc37-13f9-95a89698202d","tintindex":0},"west":{"uv":[6.0909095,9.363637,6.636364,10.090909],"rotation":0,"texture":"#cd0f4be0-f618-fc37-13f9-95a89698202d","tintindex":0}}},{"name":"bodynolegs","from":[5.009528,7.7385254,6.90521],"to":[8.852054,11.581051,10.81184],"rotation":{"angle":-45.0,"axis":"z","origin":[7.66961,8.379374,8.846018]},"faces":{"down":{"uv":[9.545455,0.72727275,10.090909,1.3636364],"rotation":0,"texture":"#cd0f4be0-f618-fc37-13f9-95a89698202d","tintindex":0},"east":{"uv":[9.363637,2.3636365,10.0,2.909091],"rotation":0,"texture":"#cd0f4be0-f618-fc37-13f9-95a89698202d","tintindex":0},"north":{"uv":[10.090909,2.0909092,10.636364,2.6363637],"rotation":0,"texture":"#cd0f4be0-f618-fc37-13f9-95a89698202d","tintindex":0},"south":{"uv":[4.090909,10.181818,4.636364,10.727273],"rotation":0,"texture":"#cd0f4be0-f618-fc37-13f9-95a89698202d","tintindex":0},"up":{"uv":[10.090909,0.6363636,9.545455,0.0],"rotation":0,"texture":"#cd0f4be0-f618-fc37-13f9-95a89698202d","tintindex":0},"west":{"uv":[8.363637,9.545455,9.0,10.090909],"rotation":0,"texture":"#cd0f4be0-f618-fc37-13f9-95a89698202d","tintindex":0}}}],"display":{"head":{"translation":[0.0,-6.4,0.0],"rotation":[0.0,0.0,0.0],"scale":[3.8095,3.8095,3.8095]},"gui":{"translation":[0.0,0.0,0.0],"rotation":[35.0,225.0,0.0],"scale":[0.625,0.625,0.625]}}}