{"file_name":"legleft","texture_size":[176,176],"textures":{"cd0f4be0-f618-fc37-13f9-95a89698202d":"modelengine:entity/ifrit"},"elements":[{"name":"legleft","from":[3.6396377,0.45397377,7.83674],"to":[6.361424,3.9762857,9.918116],"rotation":{"angle":22.5,"axis":"x","origin":[8.077136,7.12742,8.610794]},"faces":{"down":{"uv":[2.7272727,13.0,3.1818182,13.272728],"rotation":0,"texture":"#cd0f4be0-f618-fc37-13f9-95a89698202d","tintindex":0},"east":{"uv":[9.545455,12.545455,9.818182,13.09091],"rotation":0,"texture":"#cd0f4be0-f618-fc37-13f9-95a89698202d","tintindex":0},"north":{"uv":[4.1818185,11.363637,4.636364,11.909091],"rotation":0,"texture":"#cd0f4be0-f618-fc37-13f9-95a89698202d","tintindex":0},"south":{"uv":[5.2727275,11.363637,5.727273,11.909091],"rotation":0,"texture":"#cd0f4be0-f618-fc37-13f9-95a89698202d","tintindex":0},"up":{"uv":[13.363637,12.818182,12.909091,12.545455],"rotation":0,"texture":"#cd0f4be0-f618-fc37-13f9-95a89698202d","tintindex":0},"west":{"uv":[11.272728,12.545455,11.545455,13.09091],"rotation":0,"texture":"#cd0f4be0-f618-fc37-13f9-95a89698202d","tintindex":0}}},{"name":"legleft","from":[5.036162,2.1337767,6.357374],"to":[8.39837,5.656089,9.079161],"rotation":{"angle":-22.5,"axis":"z","origin":[8.077136,7.12742,8.610794]},"faces":{"down":{"uv":[8.090909,11.454546,8.636364,11.909091],"rotation":0,"texture":"#cd0f4be0-f618-fc37-13f9-95a89698202d","tintindex":0},"east":{"uv":[5.818182,11.363637,6.2727275,11.909091],"rotation":0,"texture":"#cd0f4be0-f618-fc37-13f9-95a89698202d","tintindex":0},"north":{"uv":[9.0,10.454546,9.545455,11.0],"rotation":0,"texture":"#cd0f4be0-f618-fc37-13f9-95a89698202d","tintindex":0},"south":{"uv":[10.454546,7.3636365,11.0,7.909091],"rotation":0,"texture":"#cd0f4be0-f618-fc37-13f9-95a89698202d","tintindex":0},"up":{"uv":[10.818182,11.818182,10.272728,11.363637],"rotation":0,"texture":"#cd0f4be0-f618-fc37-13f9-95a89698202d","tintindex":0},"west":{"uv":[6.3636365,11.363637,6.818182,11.909091],"rotation":0,"texture":"#cd0f4be0-f618-fc37-13f9-95a89698202d","tintindex":0}}},{"name":"legleft","from":[5.706812,4.2577705,6.037154],"to":[9.549337,8.100296,9.879681],"rotation":{"angle":-45.0,"axis":"z","origin":[8.077136,7.12742,8.610794]},"faces":{"down":{"uv":[2.4545455,10.727273,3.0,11.272728],"rotation":0,"texture":"#cd0f4be0-f618-fc37-13f9-95a89698202d","tintindex":0},"east":{"uv":[10.454546,8.636364,11.0,9.181818],"rotation":0,"texture":"#cd0f4be0-f618-fc37-13f9-95a89698202d","tintindex":0},"north":{"uv":[10.454546,8.0,11.0,8.545455],"rotation":0,"texture":"#cd0f4be0-f618-fc37-13f9-95a89698202d","tintindex":0},"south":{"uv":[10.545455,3.3636365,11.090909,3.909091],"rotation":0,"texture":"#cd0f4be0-f618-fc37-13f9-95a89698202d","tintindex":0},"up":{"uv":[2.3636365,11.272728,1.8181819,10.727273],"rotation":0,"texture":"#cd0f4be0-f618-fc37-13f9-95a89698202d","tintindex":0},"west":{"uv":[10.545455,4.0,11.090909,4.5454545],"rotation":0,"texture":"#cd0f4be0-f618-fc37-13f9-95a89698202d","tintindex":0}}},{"name":"legleft","from":[6.008012,5.975444,9.879686],"to":[9.050013,9.017445,10.739895],"rotation":{"angle":45.0,"axis":"z","origin":[8.077136,7.12742,8.610794]},"faces":{"down":{"uv":[14.181819,11.636364,14.636364,11.727273],"rotation":0,"texture":"#cd0f4be0-f618-fc37-13f9-95a89698202d","tintindex":0},"east":{"uv":[12.0,14.181819,12.090909,14.636364],"rotation":0,"texture":"#cd0f4be0-f618-fc37-13f9-95a89698202d","tintindex":0},"north":{"uv":[11.818182,4.1818185,12.272728,4.636364],"rotation":0,"texture":"#cd0f4be0-f618-fc37-13f9-95a89698202d","tintindex":0},"south":{"uv":[2.1818182,11.909091,2.6363637,12.363637],"rotation":0,"texture":"#cd0f4be0-f618-fc37-13f9-95a89698202d","tintindex":0},"up":{"uv":[14.636364,11.545455,14.181819,11.454546],"rotation":0,"texture":"#cd0f4be0-f618-fc37-13f9-95a89698202d","tintindex":0},"west":{"uv":[13.727273,14.181819,13.818182,14.636364],"rotation":0,"texture":"#cd0f4be0-f618-fc37-13f9-95a89698202d","tintindex":0}}}],"display":{"head":{"translation":[0.0,-6.4,0.0],"rotation":[0.0,0.0,0.0],"scale":[3.8095,3.8095,3.8095]},"gui":{"translation":[0.0,0.0,0.0],"rotation":[35.0,225.0,0.0],"scale":[0.625,0.625,0.625]}}}