{"file_name":"legright","texture_size":[176,176],"textures":{"cd0f4be0-f618-fc37-13f9-95a89698202d":"modelengine:entity/ifrit"},"elements":[{"name":"legright","from":[9.672554,0.9850702,8.011166],"to":[12.3943405,4.347278,10.092537],"rotation":{"angle":22.5,"axis":"x","origin":[7.7894177,7.3957167,7.836176]},"faces":{"down":{"uv":[12.909091,0.0,13.363637,0.27272728],"rotation":0,"texture":"#cd0f4be0-f618-fc37-13f9-95a89698202d","tintindex":0},"east":{"uv":[8.181818,7.545455,8.454546,8.090909],"rotation":0,"texture":"#cd0f4be0-f618-fc37-13f9-95a89698202d","tintindex":0},"north":{"uv":[11.181819,3.818182,11.636364,4.3636365],"rotation":0,"texture":"#cd0f4be0-f618-fc37-13f9-95a89698202d","tintindex":0},"south":{"uv":[11.272728,1.6363637,11.727273,2.1818182],"rotation":0,"texture":"#cd0f4be0-f618-fc37-13f9-95a89698202d","tintindex":0},"up":{"uv":[13.363637,13.181819,12.909091,12.909091],"rotation":0,"texture":"#cd0f4be0-f618-fc37-13f9-95a89698202d","tintindex":0},"west":{"uv":[12.272728,9.181818,12.545455,9.727273],"rotation":0,"texture":"#cd0f4be0-f618-fc37-13f9-95a89698202d","tintindex":0}}},{"name":"legright","from":[9.672554,0.9850702,8.33138],"to":[12.55445,4.02707,9.772328],"rotation":{"angle":22.5,"axis":"x","origin":[7.7894177,7.3957167,7.836176]},"faces":{"down":{"uv":[8.0,13.454546,8.454546,13.636364],"rotation":0,"texture":"#cd0f4be0-f618-fc37-13f9-95a89698202d","tintindex":0},"east":{"uv":[0.0,13.454546,0.18181819,13.909091],"rotation":0,"texture":"#cd0f4be0-f618-fc37-13f9-95a89698202d","tintindex":0},"north":{"uv":[10.909091,11.727273,11.363637,12.181819],"rotation":0,"texture":"#cd0f4be0-f618-fc37-13f9-95a89698202d","tintindex":0},"south":{"uv":[11.727273,3.0909092,12.181819,3.5454547],"rotation":0,"texture":"#cd0f4be0-f618-fc37-13f9-95a89698202d","tintindex":0},"up":{"uv":[7.909091,13.636364,7.4545455,13.454546],"rotation":0,"texture":"#cd0f4be0-f618-fc37-13f9-95a89698202d","tintindex":0},"west":{"uv":[6.2727275,13.454546,6.4545455,13.909091],"rotation":0,"texture":"#cd0f4be0-f618-fc37-13f9-95a89698202d","tintindex":0}}},{"name":"legright","from":[7.5767956,2.2267816,6.560132],"to":[10.939005,5.5889893,9.281918],"rotation":{"angle":22.5,"axis":"z","origin":[7.7894177,7.3957167,7.836176]},"faces":{"down":{"uv":[2.818182,11.363637,3.3636365,11.818182],"rotation":0,"texture":"#cd0f4be0-f618-fc37-13f9-95a89698202d","tintindex":0},"east":{"uv":[11.272728,4.4545455,11.727273,5.0],"rotation":0,"texture":"#cd0f4be0-f618-fc37-13f9-95a89698202d","tintindex":0},"north":{"uv":[10.272728,9.363637,10.818182,9.909091],"rotation":0,"texture":"#cd0f4be0-f618-fc37-13f9-95a89698202d","tintindex":0},"south":{"uv":[0.6363636,10.363637,1.1818182,10.909091],"rotation":0,"texture":"#cd0f4be0-f618-fc37-13f9-95a89698202d","tintindex":0},"up":{"uv":[2.7272727,11.818182,2.1818182,11.363637],"rotation":0,"texture":"#cd0f4be0-f618-fc37-13f9-95a89698202d","tintindex":0},"west":{"uv":[1.6363637,11.363637,2.0909092,11.909091],"rotation":0,"texture":"#cd0f4be0-f618-fc37-13f9-95a89698202d","tintindex":0}}},{"name":"legright","from":[6.35048,4.3225646,6.239912],"to":[10.1930065,8.165091,10.0824375],"rotation":{"angle":45.0,"axis":"z","origin":[7.7894177,7.3957167,7.836176]},"faces":{"down":{"uv":[7.727273,10.454546,8.272728,11.0],"rotation":0,"texture":"#cd0f4be0-f618-fc37-13f9-95a89698202d","tintindex":0},"east":{"uv":[10.363637,2.7272727,10.909091,3.2727275],"rotation":0,"texture":"#cd0f4be0-f618-fc37-13f9-95a89698202d","tintindex":0},"north":{"uv":[9.636364,10.363637,10.181818,10.909091],"rotation":0,"texture":"#cd0f4be0-f618-fc37-13f9-95a89698202d","tintindex":0},"south":{"uv":[10.363637,5.1818185,10.909091,5.727273],"rotation":0,"texture":"#cd0f4be0-f618-fc37-13f9-95a89698202d","tintindex":0},"up":{"uv":[7.636364,11.0,7.0909095,10.454546],"rotation":0,"texture":"#cd0f4be0-f618-fc37-13f9-95a89698202d","tintindex":0},"west":{"uv":[4.727273,10.454546,5.2727275,11.0],"rotation":0,"texture":"#cd0f4be0-f618-fc37-13f9-95a89698202d","tintindex":0}}},{"name":"legright","from":[7.02005,6.2769794,10.082444],"to":[10.06205,9.318979,10.930653],"rotation":{"angle":-45.0,"axis":"z","origin":[7.7894177,7.3957167,7.836176]},"faces":{"down":{"uv":[14.181819,11.0,14.636364,11.090909],"rotation":0,"texture":"#cd0f4be0-f618-fc37-13f9-95a89698202d","tintindex":0},"east":{"uv":[9.909091,14.181819,10.0,14.636364],"rotation":0,"texture":"#cd0f4be0-f618-fc37-13f9-95a89698202d","tintindex":0},"north":{"uv":[11.727273,3.6363637,12.181819,4.090909],"rotation":0,"texture":"#cd0f4be0-f618-fc37-13f9-95a89698202d","tintindex":0},"south":{"uv":[11.818182,1.3636364,12.272728,1.8181819],"rotation":0,"texture":"#cd0f4be0-f618-fc37-13f9-95a89698202d","tintindex":0},"up":{"uv":[14.636364,9.272728,14.181819,9.181818],"rotation":0,"texture":"#cd0f4be0-f618-fc37-13f9-95a89698202d","tintindex":0},"west":{"uv":[11.818182,14.181819,11.909091,14.636364],"rotation":0,"texture":"#cd0f4be0-f618-fc37-13f9-95a89698202d","tintindex":0}}}],"display":{"head":{"translation":[0.0,-6.4,0.0],"rotation":[0.0,0.0,0.0],"scale":[3.8095,3.8095,3.8095]},"gui":{"translation":[0.0,0.0,0.0],"rotation":[35.0,225.0,0.0],"scale":[0.625,0.625,0.625]}}}