{"file_name":"llbottom","texture_size":[176,176],"textures":{"cd0f4be0-f618-fc37-13f9-95a89698202d":"modelengine:entity/ifrit"},"elements":[{"name":"llbottom","from":[6.883988,2.5784535,7.2760344],"to":[9.285561,8.50235,9.1973],"rotation":{"angle":-22.5,"axis":"x","origin":[7.801886,7.416236,8.556818]},"faces":{"down":{"uv":[13.181819,10.909091,13.545455,11.181819],"rotation":0,"texture":"#cd0f4be0-f618-fc37-13f9-95a89698202d","tintindex":0},"east":{"uv":[0.0,11.545455,0.27272728,12.454546],"rotation":0,"texture":"#cd0f4be0-f618-fc37-13f9-95a89698202d","tintindex":0},"north":{"uv":[10.0,8.363637,10.363637,9.272728],"rotation":0,"texture":"#cd0f4be0-f618-fc37-13f9-95a89698202d","tintindex":0},"south":{"uv":[1.3636364,10.090909,1.7272727,11.0],"rotation":0,"texture":"#cd0f4be0-f618-fc37-13f9-95a89698202d","tintindex":0},"up":{"uv":[13.545455,9.363637,13.181819,9.090909],"rotation":0,"texture":"#cd0f4be0-f618-fc37-13f9-95a89698202d","tintindex":0},"west":{"uv":[9.545455,11.545455,9.818182,12.454546],"rotation":0,"texture":"#cd0f4be0-f618-fc37-13f9-95a89698202d","tintindex":0}}},{"name":"llbottom","from":[7.044092,0.586334,10.970156],"to":[8.965359,4.4288597,12.411104],"rotation":{"angle":22.5,"axis":"x","origin":[7.801886,7.416236,8.556818]},"faces":{"down":{"uv":[12.181819,14.0,12.454546,14.181819],"rotation":0,"texture":"#cd0f4be0-f618-fc37-13f9-95a89698202d","tintindex":0},"east":{"uv":[5.1818185,13.272728,5.3636365,13.818182],"rotation":0,"texture":"#cd0f4be0-f618-fc37-13f9-95a89698202d","tintindex":0},"north":{"uv":[11.636364,12.545455,11.909091,13.09091],"rotation":0,"texture":"#cd0f4be0-f618-fc37-13f9-95a89698202d","tintindex":0},"south":{"uv":[12.545455,12.545455,12.818182,13.09091],"rotation":0,"texture":"#cd0f4be0-f618-fc37-13f9-95a89698202d","tintindex":0},"up":{"uv":[14.181819,13.454546,13.909091,13.272728],"rotation":0,"texture":"#cd0f4be0-f618-fc37-13f9-95a89698202d","tintindex":0},"west":{"uv":[5.4545455,13.272728,5.636364,13.818182],"rotation":0,"texture":"#cd0f4be0-f618-fc37-13f9-95a89698202d","tintindex":0}}},{"name":"llbottom","from":[6.883982,0.010993719,3.3928523],"to":[8.805248,0.9716296,6.274748],"rotation":{"angle":-22.5,"axis":"x","origin":[7.801886,7.416236,8.556818]},"faces":{"down":{"uv":[1.8181819,13.09091,2.0909092,13.545455],"rotation":0,"texture":"#cd0f4be0-f618-fc37-13f9-95a89698202d","tintindex":0},"east":{"uv":[13.454546,0.0,13.909091,0.18181819],"rotation":0,"texture":"#cd0f4be0-f618-fc37-13f9-95a89698202d","tintindex":0},"north":{"uv":[12.545455,14.0,12.818182,14.181819],"rotation":0,"texture":"#cd0f4be0-f618-fc37-13f9-95a89698202d","tintindex":0},"south":{"uv":[14.0,0.0,14.272728,0.18181819],"rotation":0,"texture":"#cd0f4be0-f618-fc37-13f9-95a89698202d","tintindex":0},"up":{"uv":[1.7272727,13.545455,1.4545455,13.09091],"rotation":0,"texture":"#cd0f4be0-f618-fc37-13f9-95a89698202d","tintindex":0},"west":{"uv":[13.454546,0.27272728,13.909091,0.45454547],"rotation":0,"texture":"#cd0f4be0-f618-fc37-13f9-95a89698202d","tintindex":0}}},{"name":"llbottom","from":[6.563774,-1.5270348,5.2055597],"to":[9.285561,-0.5663986,7.2869363],"rotation":{"angle":0.0,"axis":"x","origin":[12.697808,-2.5603967,8.833346]},"faces":{"down":{"uv":[4.090909,13.09091,4.5454545,13.363637],"rotation":0,"texture":"#cd0f4be0-f618-fc37-13f9-95a89698202d","tintindex":0},"east":{"uv":[14.0,0.27272728,14.272728,0.45454547],"rotation":0,"texture":"#cd0f4be0-f618-fc37-13f9-95a89698202d","tintindex":0},"north":{"uv":[13.454546,0.54545456,13.909091,0.72727275],"rotation":0,"texture":"#cd0f4be0-f618-fc37-13f9-95a89698202d","tintindex":0},"south":{"uv":[13.454546,0.8181819,13.909091,1.0],"rotation":0,"texture":"#cd0f4be0-f618-fc37-13f9-95a89698202d","tintindex":0},"up":{"uv":[13.454546,2.7272727,13.0,2.4545455],"rotation":0,"texture":"#cd0f4be0-f618-fc37-13f9-95a89698202d","tintindex":0},"west":{"uv":[14.0,0.54545456,14.272728,0.72727275],"rotation":0,"texture":"#cd0f4be0-f618-fc37-13f9-95a89698202d","tintindex":0}}},{"name":"llbottom","from":[6.883988,-1.5270348,5.04545],"to":[8.965359,-0.7265084,5.205554],"rotation":{"angle":0.0,"axis":"x","origin":[12.697808,-2.5603967,8.833346]},"faces":{"down":{"uv":[14.545455,10.454546,14.818182,10.545455],"rotation":0,"texture":"#cd0f4be0-f618-fc37-13f9-95a89698202d","tintindex":0},"east":{"uv":[6.545455,15.09091,6.636364,15.181819],"rotation":0,"texture":"#cd0f4be0-f618-fc37-13f9-95a89698202d","tintindex":0},"north":{"uv":[14.545455,9.909091,14.818182,10.0],"rotation":0,"texture":"#cd0f4be0-f618-fc37-13f9-95a89698202d","tintindex":0},"south":{"uv":[14.545455,10.090909,14.818182,10.181818],"rotation":0,"texture":"#cd0f4be0-f618-fc37-13f9-95a89698202d","tintindex":0},"up":{"uv":[14.818182,10.363637,14.545455,10.272728],"rotation":0,"texture":"#cd0f4be0-f618-fc37-13f9-95a89698202d","tintindex":0},"west":{"uv":[6.727273,15.09091,6.818182,15.181819],"rotation":0,"texture":"#cd0f4be0-f618-fc37-13f9-95a89698202d","tintindex":0}}}],"display":{"head":{"translation":[0.0,-6.4,0.0],"rotation":[0.0,0.0,0.0],"scale":[3.8095,3.8095,3.8095]},"gui":{"translation":[0.0,0.0,0.0],"rotation":[35.0,225.0,0.0],"scale":[0.625,0.625,0.625]}}}