{"file_name":"middlebody","texture_size":[176,176],"textures":{"cd0f4be0-f618-fc37-13f9-95a89698202d":"modelengine:entity/ifrit"},"elements":[{"name":"middlebody","from":[4.8154097,8.243805,4.9202538],"to":[10.899405,9.684753,10.523942],"rotation":{"angle":0.0,"axis":"x","origin":[7.747328,-14.243663,6.786884]},"faces":{"down":{"uv":[6.0909095,0.90909094,7.0,1.7272727],"rotation":0,"texture":"#cd0f4be0-f618-fc37-13f9-95a89698202d","tintindex":0},"east":{"uv":[12.181819,11.454546,13.0,11.636364],"rotation":0,"texture":"#cd0f4be0-f618-fc37-13f9-95a89698202d","tintindex":0},"north":{"uv":[12.181819,8.090909,13.09091,8.272728],"rotation":0,"texture":"#cd0f4be0-f618-fc37-13f9-95a89698202d","tintindex":0},"south":{"uv":[12.181819,8.363637,13.09091,8.545455],"rotation":0,"texture":"#cd0f4be0-f618-fc37-13f9-95a89698202d","tintindex":0},"up":{"uv":[7.0,0.8181819,6.0909095,0.0],"rotation":0,"texture":"#cd0f4be0-f618-fc37-13f9-95a89698202d","tintindex":0},"west":{"uv":[12.181819,11.727273,13.0,11.909091],"rotation":0,"texture":"#cd0f4be0-f618-fc37-13f9-95a89698202d","tintindex":0}}},{"name":"middlebody","from":[4.4951897,9.684753,4.279838],"to":[11.219612,10.965597,10.844151],"rotation":{"angle":0.0,"axis":"x","origin":[7.747328,-14.243663,6.786884]},"faces":{"down":{"uv":[1.0909091,4.727273,2.0909092,5.727273],"rotation":0,"texture":"#cd0f4be0-f618-fc37-13f9-95a89698202d","tintindex":0},"east":{"uv":[12.181819,6.545455,13.181819,6.727273],"rotation":0,"texture":"#cd0f4be0-f618-fc37-13f9-95a89698202d","tintindex":0},"north":{"uv":[4.0,3.7272727,5.0,3.909091],"rotation":0,"texture":"#cd0f4be0-f618-fc37-13f9-95a89698202d","tintindex":0},"south":{"uv":[12.181819,6.818182,13.181819,7.0],"rotation":0,"texture":"#cd0f4be0-f618-fc37-13f9-95a89698202d","tintindex":0},"up":{"uv":[1.0,5.727273,0.0,4.727273],"rotation":0,"texture":"#cd0f4be0-f618-fc37-13f9-95a89698202d","tintindex":0},"west":{"uv":[12.181819,7.0909095,13.181819,7.2727275],"rotation":0,"texture":"#cd0f4be0-f618-fc37-13f9-95a89698202d","tintindex":0}}},{"name":"middlebody","from":[4.815404,11.090498,9.608156],"to":[10.579189,12.531446,9.928364],"rotation":{"angle":22.5,"axis":"x","origin":[7.704014,8.001213,6.8526983]},"faces":{"down":{"uv":[13.272728,6.727273,14.181819,6.818182],"rotation":0,"texture":"#cd0f4be0-f618-fc37-13f9-95a89698202d","tintindex":0},"east":{"uv":[9.0,10.181818,9.090909,10.363637],"rotation":0,"texture":"#cd0f4be0-f618-fc37-13f9-95a89698202d","tintindex":0},"north":{"uv":[12.181819,8.636364,13.09091,8.818182],"rotation":0,"texture":"#cd0f4be0-f618-fc37-13f9-95a89698202d","tintindex":0},"south":{"uv":[12.181819,8.909091,13.09091,9.090909],"rotation":0,"texture":"#cd0f4be0-f618-fc37-13f9-95a89698202d","tintindex":0},"up":{"uv":[14.181819,6.636364,13.272728,6.545455],"rotation":0,"texture":"#cd0f4be0-f618-fc37-13f9-95a89698202d","tintindex":0},"west":{"uv":[1.6363637,11.090909,1.7272727,11.272728],"rotation":0,"texture":"#cd0f4be0-f618-fc37-13f9-95a89698202d","tintindex":0}}},{"name":"middlebody","from":[4.6552997,14.208111,8.863244],"to":[10.739294,15.488955,9.183452],"rotation":{"angle":22.5,"axis":"x","origin":[7.704014,8.001213,6.8526983]},"faces":{"down":{"uv":[13.272728,7.0909095,14.181819,7.1818185],"rotation":0,"texture":"#cd0f4be0-f618-fc37-13f9-95a89698202d","tintindex":0},"east":{"uv":[11.272728,12.272728,11.363637,12.454546],"rotation":0,"texture":"#cd0f4be0-f618-fc37-13f9-95a89698202d","tintindex":0},"north":{"uv":[12.181819,10.363637,13.09091,10.545455],"rotation":0,"texture":"#cd0f4be0-f618-fc37-13f9-95a89698202d","tintindex":0},"south":{"uv":[12.181819,10.636364,13.09091,10.818182],"rotation":0,"texture":"#cd0f4be0-f618-fc37-13f9-95a89698202d","tintindex":0},"up":{"uv":[14.181819,7.0,13.272728,6.909091],"rotation":0,"texture":"#cd0f4be0-f618-fc37-13f9-95a89698202d","tintindex":0},"west":{"uv":[12.636364,9.545455,12.727273,9.727273],"rotation":0,"texture":"#cd0f4be0-f618-fc37-13f9-95a89698202d","tintindex":0}}},{"name":"middlebody","from":[3.8547678,10.96559,3.7995198],"to":[11.860028,14.00759,11.324469],"rotation":{"angle":0.0,"axis":"x","origin":[7.747328,-14.243663,6.786884]},"faces":{"down":{"uv":[0.0,3.4545455,1.1818182,4.636364],"rotation":0,"texture":"#cd0f4be0-f618-fc37-13f9-95a89698202d","tintindex":0},"east":{"uv":[8.090909,4.818182,9.272728,5.2727275],"rotation":0,"texture":"#cd0f4be0-f618-fc37-13f9-95a89698202d","tintindex":0},"north":{"uv":[7.4545455,1.8181819,8.636364,2.2727273],"rotation":0,"texture":"#cd0f4be0-f618-fc37-13f9-95a89698202d","tintindex":0},"south":{"uv":[8.090909,5.3636365,9.272728,5.818182],"rotation":0,"texture":"#cd0f4be0-f618-fc37-13f9-95a89698202d","tintindex":0},"up":{"uv":[3.7272727,3.7272727,2.5454545,2.5454545],"rotation":0,"texture":"#cd0f4be0-f618-fc37-13f9-95a89698202d","tintindex":0},"west":{"uv":[8.181818,8.181818,9.363637,8.636364],"rotation":0,"texture":"#cd0f4be0-f618-fc37-13f9-95a89698202d","tintindex":0}}},{"name":"middlebody","from":[4.8987675,11.48159,4.73552],"to":[10.840028,15.855591,10.316467],"rotation":{"angle":0.0,"axis":"x","origin":[7.747328,-14.243663,6.786884]},"faces":{"down":{"uv":[0.0,3.4545455,1.1818182,4.636364],"rotation":0,"texture":"#cd0f4be0-f618-fc37-13f9-95a89698202d","tintindex":0},"east":{"uv":[8.090909,4.818182,9.272728,5.2727275],"rotation":0,"texture":"#cd0f4be0-f618-fc37-13f9-95a89698202d","tintindex":0},"north":{"uv":[7.4545455,1.8181819,8.636364,2.2727273],"rotation":0,"texture":"#cd0f4be0-f618-fc37-13f9-95a89698202d","tintindex":0},"south":{"uv":[8.090909,5.3636365,9.272728,5.818182],"rotation":0,"texture":"#cd0f4be0-f618-fc37-13f9-95a89698202d","tintindex":0},"up":{"uv":[3.7272727,3.7272727,2.5454545,2.5454545],"rotation":0,"texture":"#cd0f4be0-f618-fc37-13f9-95a89698202d","tintindex":0},"west":{"uv":[8.181818,8.181818,9.363637,8.636364],"rotation":0,"texture":"#cd0f4be0-f618-fc37-13f9-95a89698202d","tintindex":0}}},{"name":"middlebody","from":[4.8154097,13.542706,6.128378],"to":[10.899405,14.823549,6.448586],"rotation":{"angle":-22.5,"axis":"x","origin":[7.704014,8.001213,6.8526983]},"faces":{"down":{"uv":[13.272728,7.4545455,14.181819,7.545455],"rotation":0,"texture":"#cd0f4be0-f618-fc37-13f9-95a89698202d","tintindex":0},"east":{"uv":[14.545455,10.636364,14.636364,10.818182],"rotation":0,"texture":"#cd0f4be0-f618-fc37-13f9-95a89698202d","tintindex":0},"north":{"uv":[12.181819,10.909091,13.09091,11.090909],"rotation":0,"texture":"#cd0f4be0-f618-fc37-13f9-95a89698202d","tintindex":0},"south":{"uv":[12.181819,11.181819,13.09091,11.363637],"rotation":0,"texture":"#cd0f4be0-f618-fc37-13f9-95a89698202d","tintindex":0},"up":{"uv":[14.181819,7.3636365,13.272728,7.2727275],"rotation":0,"texture":"#cd0f4be0-f618-fc37-13f9-95a89698202d","tintindex":0},"west":{"uv":[14.545455,11.181819,14.636364,11.363637],"rotation":0,"texture":"#cd0f4be0-f618-fc37-13f9-95a89698202d","tintindex":0}}},{"name":"middlebody","from":[5.2957096,10.972196,11.6833105],"to":[10.258976,12.573242,12.003518],"rotation":{"angle":22.5,"axis":"x","origin":[8.14109,14.127716,4.567766]},"faces":{"down":{"uv":[8.636364,6.4545455,9.363637,6.545455],"rotation":0,"texture":"#cd0f4be0-f618-fc37-13f9-95a89698202d","tintindex":0},"east":{"uv":[10.363637,3.3636365,10.454546,3.6363637],"rotation":0,"texture":"#cd0f4be0-f618-fc37-13f9-95a89698202d","tintindex":0},"north":{"uv":[1.2727273,3.4545455,2.0,3.7272727],"rotation":0,"texture":"#cd0f4be0-f618-fc37-13f9-95a89698202d","tintindex":0},"south":{"uv":[11.818182,1.909091,12.545455,2.1818182],"rotation":0,"texture":"#cd0f4be0-f618-fc37-13f9-95a89698202d","tintindex":0},"up":{"uv":[3.909091,4.818182,3.1818182,4.727273],"rotation":0,"texture":"#cd0f4be0-f618-fc37-13f9-95a89698202d","tintindex":0},"west":{"uv":[10.909091,11.363637,11.0,11.636364],"rotation":0,"texture":"#cd0f4be0-f618-fc37-13f9-95a89698202d","tintindex":0}}}],"display":{"head":{"translation":[0.0,-6.4,0.0],"rotation":[0.0,0.0,0.0],"scale":[3.8095,3.8095,3.8095]},"gui":{"translation":[0.0,0.0,0.0],"rotation":[35.0,225.0,0.0],