{"file_name":"mouth","texture_size":[176,176],"textures":{"cd0f4be0-f618-fc37-13f9-95a89698202d":"modelengine:entity/ifrit"},"elements":[{"name":"mouth","from":[5.6365824,7.4395876,5.068838],"to":[10.11953,8.560328,8.270943],"rotation":{"angle":-22.5,"axis":"x","origin":[7.680314,7.784732,8.303066]},"faces":{"down":{"uv":[10.818182,6.3636365,11.454546,6.818182],"rotation":0,"texture":"#cd0f4be0-f618-fc37-13f9-95a89698202d","tintindex":0},"east":{"uv":[4.090909,13.454546,4.5454545,13.636364],"rotation":0,"texture":"#cd0f4be0-f618-fc37-13f9-95a89698202d","tintindex":0},"north":{"uv":[13.09091,12.0,13.727273,12.181819],"rotation":0,"texture":"#cd0f4be0-f618-fc37-13f9-95a89698202d","tintindex":0},"south":{"uv":[8.272728,13.181819,8.909091,13.363637],"rotation":0,"texture":"#cd0f4be0-f618-fc37-13f9-95a89698202d","tintindex":0},"up":{"uv":[11.454546,6.2727275,10.818182,5.818182],"rotation":0,"texture":"#cd0f4be0-f618-fc37-13f9-95a89698202d","tintindex":0},"west":{"uv":[5.727273,13.454546,6.1818185,13.636364],"rotation":0,"texture":"#cd0f4be0-f618-fc37-13f9-95a89698202d","tintindex":0}}},{"name":"mouth","from":[5.95679,7.5996857,4.74863],"to":[9.95942,8.560321,5.068838],"rotation":{"angle":-22.5,"axis":"x","origin":[7.680314,7.784732,8.303066]},"faces":{"down":{"uv":[8.636364,3.7272727,9.272728,3.818182],"rotation":0,"texture":"#cd0f4be0-f618-fc37-13f9-95a89698202d","tintindex":0},"east":{"uv":[6.3636365,14.818182,6.4545455,15.0],"rotation":0,"texture":"#cd0f4be0-f618-fc37-13f9-95a89698202d","tintindex":0},"north":{"uv":[9.545455,13.181819,10.181818,13.363637],"rotation":0,"texture":"#cd0f4be0-f618-fc37-13f9-95a89698202d","tintindex":0},"south":{"uv":[10.272728,13.181819,10.909091,13.363637],"rotation":0,"texture":"#cd0f4be0-f618-fc37-13f9-95a89698202d","tintindex":0},"up":{"uv":[4.727273,7.636364,4.090909,7.545455],"rotation":0,"texture":"#cd0f4be0-f618-fc37-13f9-95a89698202d","tintindex":0},"west":{"uv":[6.545455,14.818182,6.636364,15.0],"rotation":0,"texture":"#cd0f4be0-f618-fc37-13f9-95a89698202d","tintindex":0}}}],"display":{"head":{"translation":[0.0,-6.4,0.0],"rotation":[0.0,0.0,0.0],"scale":[3.8095,3.8095,3.8095]},"gui":{"translation":[0.0,0.0,0.0],"rotation":[35.0,225.0,0.0],"scale":[0.625,0.625,0.625]}}}