{"file_name":"rlbottom","texture_size":[176,176],"textures":{"cd0f4be0-f618-fc37-13f9-95a89698202d":"modelengine:entity/ifrit"},"elements":[{"name":"rlbottom","from":[6.5216656,-1.155952,5.394236],"to":[9.243452,-0.19531584,7.475612],"rotation":{"angle":0.0,"axis":"x","origin":[2.6921837,-2.189314,9.022022]},"faces":{"down":{"uv":[12.909091,0.72727275,13.363637,1.0],"rotation":0,"texture":"#cd0f4be0-f618-fc37-13f9-95a89698202d","tintindex":0},"east":{"uv":[13.909091,3.1818182,14.181819,3.3636365],"rotation":0,"texture":"#cd0f4be0-f618-fc37-13f9-95a89698202d","tintindex":0},"north":{"uv":[9.272728,13.454546,9.727273,13.636364],"rotation":0,"texture":"#cd0f4be0-f618-fc37-13f9-95a89698202d","tintindex":0},"south":{"uv":[9.818182,13.454546,10.272728,13.636364],"rotation":0,"texture":"#cd0f4be0-f618-fc37-13f9-95a89698202d","tintindex":0},"up":{"uv":[13.363637,0.6363636,12.909091,0.36363637],"rotation":0,"texture":"#cd0f4be0-f618-fc37-13f9-95a89698202d","tintindex":0},"west":{"uv":[13.909091,6.1818185,14.181819,6.3636365],"rotation":0,"texture":"#cd0f4be0-f618-fc37-13f9-95a89698202d","tintindex":0}}},{"name":"rlbottom","from":[7.001972,0.20447612,3.371402],"to":[8.923238,1.165112,6.253298],"rotation":{"angle":-22.5,"axis":"x","origin":[7.984184,8.2266865,8.194022]},"faces":{"down":{"uv":[12.909091,7.3636365,13.181819,7.818182],"rotation":0,"texture":"#cd0f4be0-f618-fc37-13f9-95a89698202d","tintindex":0},"east":{"uv":[10.363637,13.454546,10.818182,13.636364],"rotation":0,"texture":"#cd0f4be0-f618-fc37-13f9-95a89698202d","tintindex":0},"north":{"uv":[13.909091,9.454546,14.181819,9.636364],"rotation":0,"texture":"#cd0f4be0-f618-fc37-13f9-95a89698202d","tintindex":0},"south":{"uv":[13.909091,9.727273,14.181819,9.909091],"rotation":0,"texture":"#cd0f4be0-f618-fc37-13f9-95a89698202d","tintindex":0},"up":{"uv":[1.7272727,9.272728,1.4545455,8.818182],"rotation":0,"texture":"#cd0f4be0-f618-fc37-13f9-95a89698202d","tintindex":0},"west":{"uv":[10.909091,13.454546,11.363637,13.636364],"rotation":0,"texture":"#cd0f4be0-f618-fc37-13f9-95a89698202d","tintindex":0}}},{"name":"rlbottom","from":[6.841868,-1.155952,5.234126],"to":[8.923238,-0.3554256,5.39423],"rotation":{"angle":0.0,"axis":"x","origin":[2.6921837,-2.189314,9.022022]},"faces":{"down":{"uv":[14.545455,9.727273,14.818182,9.818182],"rotation":0,"texture":"#cd0f4be0-f618-fc37-13f9-95a89698202d","tintindex":0},"east":{"uv":[6.1818185,15.09091,6.2727275,15.181819],"rotation":0,"texture":"#cd0f4be0-f618-fc37-13f9-95a89698202d","tintindex":0},"north":{"uv":[14.545455,9.0,14.818182,9.090909],"rotation":0,"texture":"#cd0f4be0-f618-fc37-13f9-95a89698202d","tintindex":0},"south":{"uv":[14.545455,9.363637,14.818182,9.454546],"rotation":0,"texture":"#cd0f4be0-f618-fc37-13f9-95a89698202d","tintindex":0},"up":{"uv":[14.818182,9.636364,14.545455,9.545455],"rotation":0,"texture":"#cd0f4be0-f618-fc37-13f9-95a89698202d","tintindex":0},"west":{"uv":[6.3636365,15.09091,6.4545455,15.181819],"rotation":0,"texture":"#cd0f4be0-f618-fc37-13f9-95a89698202d","tintindex":0}}},{"name":"rlbottom","from":[6.841868,1.2019162,11.284994],"to":[8.763134,5.044442,12.725942],"rotation":{"angle":22.5,"axis":"x","origin":[7.984184,8.2266865,8.194022]},"faces":{"down":{"uv":[13.909091,12.181819,14.181819,12.363637],"rotation":0,"texture":"#cd0f4be0-f618-fc37-13f9-95a89698202d","tintindex":0},"east":{"uv":[3.5454547,13.272728,3.7272727,13.818182],"rotation":0,"texture":"#cd0f4be0-f618-fc37-13f9-95a89698202d","tintindex":0},"north":{"uv":[8.272728,12.545455,8.545455,13.09091],"rotation":0,"texture":"#cd0f4be0-f618-fc37-13f9-95a89698202d","tintindex":0},"south":{"uv":[8.636364,12.545455,8.909091,13.09091],"rotation":0,"texture":"#cd0f4be0-f618-fc37-13f9-95a89698202d","tintindex":0},"up":{"uv":[14.181819,10.181818,13.909091,10.0],"rotation":0,"texture":"#cd0f4be0-f618-fc37-13f9-95a89698202d","tintindex":0},"west":{"uv":[3.818182,13.272728,4.0,13.818182],"rotation":0,"texture":"#cd0f4be0-f618-fc37-13f9-95a89698202d","tintindex":0}}},{"name":"rlbottom","from":[6.5216656,2.7719364,7.25459],"to":[8.923238,8.695833,9.175856],"rotation":{"angle":-22.5,"axis":"x","origin":[7.984184,8.2266865,8.194022]},"faces":{"down":{"uv":[5.3636365,10.454546,5.727273,10.727273],"rotation":0,"texture":"#cd0f4be0-f618-fc37-13f9-95a89698202d","tintindex":0},"east":{"uv":[3.4545455,11.363637,3.7272727,12.272728],"rotation":0,"texture":"#cd0f4be0-f618-fc37-13f9-95a89698202d","tintindex":0},"north":{"uv":[3.6363637,9.909091,4.0,10.818182],"rotation":0,"texture":"#cd0f4be0-f618-fc37-13f9-95a89698202d","tintindex":0},"south":{"uv":[10.0,7.3636365,10.363637,8.272728],"rotation":0,"texture":"#cd0f4be0-f618-fc37-13f9-95a89698202d","tintindex":0},"up":{"uv":[10.272728,5.4545455,9.909091,5.1818185],"rotation":0,"texture":"#cd0f4be0-f618-fc37-13f9-95a89698202d","tintindex":0},"west":{"uv":[3.818182,11.363637,4.090909,12.272728],"rotation":0,"texture":"#cd0f4be0-f618-fc37-13f9-95a89698202d","tintindex":0}}}],"display":{"head":{"translation":[0.0,-6.4,0.0],"rotation":[0.0,0.0,0.0],"scale":[3.8095,3.8095,3.8095]},"gui":{"translation":[0.0,0.0,0.0],"rotation":[35.0,225.0,0.0],"scale":[0.625,0.625,0.625]}}}