{"file_name":"shoulderla","texture_size":[176,176],"textures":{"cd0f4be0-f618-fc37-13f9-95a89698202d":"modelengine:entity/ifrit"},"elements":[{"name":"shoulderla","from":[1.9643056,9.953108,5.2901297],"to":[6.9275723,10.593531,8.172026],"rotation":{"angle":-22.5,"axis":"z","origin":[8.2121725,7.9876175,7.931468]},"faces":{"down":{"uv":[0.0,0.0,0.0,0.0],"rotation":0,"texture":"#cd0f4be0-f618-fc37-13f9-95a89698202d","tintindex":0},"east":{"uv":[14.0,0.8181819,14.454546,0.90909094],"rotation":0,"texture":"#cd0f4be0-f618-fc37-13f9-95a89698202d","tintindex":0},"north":{"uv":[13.454546,12.545455,14.181819,12.636364],"rotation":0,"texture":"#cd0f4be0-f618-fc37-13f9-95a89698202d","tintindex":0},"south":{"uv":[13.454546,12.727273,14.181819,12.818182],"rotation":0,"texture":"#cd0f4be0-f618-fc37-13f9-95a89698202d","tintindex":0},"up":{"uv":[10.727273,6.727273,10.0,6.2727275],"rotation":0,"texture":"#cd0f4be0-f618-fc37-13f9-95a89698202d","tintindex":0},"west":{"uv":[14.0,5.2727275,14.454546,5.3636365],"rotation":0,"texture":"#cd0f4be0-f618-fc37-13f9-95a89698202d","tintindex":0}}},{"name":"shoulderla","from":[0.20314407,5.3100615,4.329494],"to":[8.368521,9.472797,9.773072],"rotation":{"angle":-22.5,"axis":"z","origin":[8.2121725,7.9876175,7.931468]},"faces":{"down":{"uv":[2.6363637,3.818182,3.909091,4.636364],"rotation":0,"texture":"#cd0f4be0-f618-fc37-13f9-95a89698202d","tintindex":0},"east":{"uv":[8.545455,6.636364,9.363637,7.2727275],"rotation":0,"texture":"#cd0f4be0-f618-fc37-13f9-95a89698202d","tintindex":0},"north":{"uv":[3.818182,3.0,5.090909,3.6363637],"rotation":0,"texture":"#cd0f4be0-f618-fc37-13f9-95a89698202d","tintindex":0},"south":{"uv":[1.6363637,5.909091,2.909091,6.545455],"rotation":0,"texture":"#cd0f4be0-f618-fc37-13f9-95a89698202d","tintindex":0},"up":{"uv":[2.5454545,4.636364,1.2727273,3.818182],"rotation":0,"texture":"#cd0f4be0-f618-fc37-13f9-95a89698202d","tintindex":0},"west":{"uv":[8.545455,7.3636365,9.363637,8.0],"rotation":0,"texture":"#cd0f4be0-f618-fc37-13f9-95a89698202d","tintindex":0}}},{"name":"shoulderla","from":[0.6834674,9.472797,4.489598],"to":[7.728098,9.953108,9.292761],"rotation":{"angle":-22.5,"axis":"z","origin":[8.2121725,7.9876175,7.931468]},"faces":{"down":{"uv":[0.0,0.0,0.0,0.0],"rotation":0,"texture":"#cd0f4be0-f618-fc37-13f9-95a89698202d","tintindex":0},"east":{"uv":[13.454546,12.909091,14.181819,13.0],"rotation":0,"texture":"#cd0f4be0-f618-fc37-13f9-95a89698202d","tintindex":0},"north":{"uv":[13.181819,1.5454546,14.272728,1.6363637],"rotation":0,"texture":"#cd0f4be0-f618-fc37-13f9-95a89698202d","tintindex":0},"south":{"uv":[13.181819,1.7272727,14.272728,1.8181819],"rotation":0,"texture":"#cd0f4be0-f618-fc37-13f9-95a89698202d","tintindex":0},"up":{"uv":[7.0909095,5.818182,6.0,5.090909],"rotation":0,"texture":"#cd0f4be0-f618-fc37-13f9-95a89698202d","tintindex":0},"west":{"uv":[13.454546,13.09091,14.181819,13.181819],"rotation":0,"texture":"#cd0f4be0-f618-fc37-13f9-95a89698202d","tintindex":0}}}],"display":{"head":{"translation":[0.0,-6.4,0.0],"rotation":[0.0,0.0,0.0],"scale":[3.8095,3.8095,3.8095]},"gui":{"translation":[0.0,0.0,0.0],"rotation":[35.0,225.0,0.0],"scale":[0.625,0.625,0.625]}}}