{"file_name":"upperbody","texture_size":[176,176],"textures":{"cd0f4be0-f618-fc37-13f9-95a89698202d":"modelengine:entity/ifrit"},"elements":[{"name":"upperbody","from":[6.1709,10.345197,5.7956657],"to":[9.853322,14.027619,8.517452],"rotation":{"angle":0.0,"axis":"x","origin":[7.661888,-20.147537,7.0218678]},"faces":{"down":{"uv":[10.909091,9.272728,11.454546,9.727273],"rotation":0,"texture":"#cd0f4be0-f618-fc37-13f9-95a89698202d","tintindex":0},"east":{"uv":[8.363637,10.818182,8.818182,11.363637],"rotation":0,"texture":"#cd0f4be0-f618-fc37-13f9-95a89698202d","tintindex":0},"north":{"uv":[5.818182,10.181818,6.3636365,10.727273],"rotation":0,"texture":"#cd0f4be0-f618-fc37-13f9-95a89698202d","tintindex":0},"south":{"uv":[8.363637,10.181818,8.909091,10.727273],"rotation":0,"texture":"#cd0f4be0-f618-fc37-13f9-95a89698202d","tintindex":0},"up":{"uv":[11.454546,1.5454546,10.909091,1.0909091],"rotation":0,"texture":"#cd0f4be0-f618-fc37-13f9-95a89698202d","tintindex":0},"west":{"uv":[0.0,10.909091,0.45454547,11.454546],"rotation":0,"texture":"#cd0f4be0-f618-fc37-13f9-95a89698202d","tintindex":0}}},{"name":"upperbody","from":[6.4911137,10.345197,4.8350296],"to":[9.373011,14.027619,9.397869],"rotation":{"angle":0.0,"axis":"x","origin":[7.661888,-20.147537,7.0218678]},"faces":{"down":{"uv":[10.727273,1.909091,11.181819,2.5454545],"rotation":0,"texture":"#cd0f4be0-f618-fc37-13f9-95a89698202d","tintindex":0},"east":{"uv":[9.545455,1.4545455,10.181818,2.0],"rotation":0,"texture":"#cd0f4be0-f618-fc37-13f9-95a89698202d","tintindex":0},"north":{"uv":[10.909091,9.818182,11.363637,10.363637],"rotation":0,"texture":"#cd0f4be0-f618-fc37-13f9-95a89698202d","tintindex":0},"south":{"uv":[0.54545456,11.0,1.0,11.545455],"rotation":0,"texture":"#cd0f4be0-f618-fc37-13f9-95a89698202d","tintindex":0},"up":{"uv":[3.5454547,10.727273,3.0909092,10.090909],"rotation":0,"texture":"#cd0f4be0-f618-fc37-13f9-95a89698202d","tintindex":0},"west":{"uv":[0.0,9.636364,0.6363636,10.181818],"rotation":0,"texture":"#cd0f4be0-f618-fc37-13f9-95a89698202d","tintindex":0}}},{"name":"upperbody","from":[4.249646,5.0617156,4.514822],"to":[11.134172,7.9436126,4.674926],"rotation":{"angle":0.0,"axis":"x","origin":[7.661888,-20.147537,7.0218678]},"faces":{"down":{"uv":[5.727273,13.272728,6.727273,13.363637],"rotation":0,"texture":"#cd0f4be0-f618-fc37-13f9-95a89698202d","tintindex":0},"east":{"uv":[14.0,4.727273,14.09091,5.1818185],"rotation":0,"texture":"#cd0f4be0-f618-fc37-13f9-95a89698202d","tintindex":0},"north":{"uv":[8.636364,3.1818182,9.636364,3.6363637],"rotation":0,"texture":"#cd0f4be0-f618-fc37-13f9-95a89698202d","tintindex":0},"south":{"uv":[8.636364,5.909091,9.636364,6.3636365],"rotation":0,"texture":"#cd0f4be0-f618-fc37-13f9-95a89698202d","tintindex":0},"up":{"uv":[14.181819,11.363637,13.181819,11.272728],"rotation":0,"texture":"#cd0f4be0-f618-fc37-13f9-95a89698202d","tintindex":0},"west":{"uv":[14.0,8.454546,14.09091,8.909091],"rotation":0,"texture":"#cd0f4be0-f618-fc37-13f9-95a89698202d","tintindex":0}}},{"name":"upperbody","from":[4.890074,11.946243,4.034504],"to":[10.974068,12.586664,11.239239],"rotation":{"angle":0.0,"axis":"x","origin":[7.661888,-20.147537,7.0218678]},"faces":{"down":{"uv":[3.1818182,4.909091,4.090909,6.0],"rotation":0,"texture":"#cd0f4be0-f618-fc37-13f9-95a89698202d","tintindex":0},"east":{"uv":[12.909091,7.909091,14.0,8.0],"rotation":0,"texture":"#cd0f4be0-f618-fc37-13f9-95a89698202d","tintindex":0},"north":{"uv":[13.272728,7.636364,14.181819,7.727273],"rotation":0,"texture":"#cd0f4be0-f618-fc37-13f9-95a89698202d","tintindex":0},"south":{"uv":[2.1818182,13.363637,3.0909092,13.454546],"rotation":0,"texture":"#cd0f4be0-f618-fc37-13f9-95a89698202d","tintindex":0},"up":{"uv":[3.0909092,5.818182,2.1818182,4.727273],"rotation":0,"texture":"#cd0f4be0-f618-fc37-13f9-95a89698202d","tintindex":0},"west":{"uv":[13.181819,1.3636364,14.272728,1.4545455],"rotation":0,"texture":"#cd0f4be0-f618-fc37-13f9-95a89698202d","tintindex":0}}},{"name":"upperbody","from":[4.089542,8.103723,3.71429],"to":[11.774588,11.946248,12.03977],"rotation":{"angle":0.0,"axis":"x","origin":[7.661888,-20.147537,7.0218678]},"faces":{"down":{"uv":[1.2727273,2.0909092,2.4545455,3.3636365],"rotation":0,"texture":"#cd0f4be0-f618-fc37-13f9-95a89698202d","tintindex":0},"east":{"uv":[6.0909095,1.8181819,7.3636365,2.3636365],"rotation":0,"texture":"#cd0f4be0-f618-fc37-13f9-95a89698202d","tintindex":0},"north":{"uv":[7.3636365,2.4545455,8.545455,3.0],"rotation":0,"texture":"#cd0f4be0-f618-fc37-13f9-95a89698202d","tintindex":0},"south":{"uv":[7.3636365,6.0,8.545455,6.545455],"rotation":0,"texture":"#cd0f4be0-f618-fc37-13f9-95a89698202d","tintindex":0},"up":{"uv":[1.1818182,3.3636365,0.0,2.0909092],"rotation":0,"texture":"#cd0f4be0-f618-fc37-13f9-95a89698202d","tintindex":0},"west":{"uv":[5.4545455,6.727273,6.727273,7.2727275],"rotation":0,"texture":"#cd0f4be0-f618-fc37-13f9-95a89698202d","tintindex":0}}}],"display":{"head":{"translation":[0.0,-6.4,0.0],"rotation":[0.0,0.0,0.0],"scale":[3.8095,3.8095,3.8095]},"gui":{"translation":[0.0,0.0,0.0],"rotation":[35.0,225.0,0.0],"scale":[0.625,0.625,0.625]}}}