{"file_name":"blleg","texture_size":[256,256],"textures":{"e1022004-3d69-a375-dfa2-0a0c51c8164f":"modelengine:entity/cherufe"},"elements":[{"name":"blleg","from":[5.6821756,5.0375,4.8584237],"to":[8.532176,5.9375,6.058424],"rotation":{"angle":0.0,"axis":"x","origin":[12.545,3.3976398,5.2653737]},"faces":{"down":{"uv":[1.3125,8.6875,1.625,8.8125],"rotation":0,"texture":"#e1022004-3d69-a375-dfa2-0a0c51c8164f","tintindex":0},"east":{"uv":[9.0625,8.875,9.1875,9.0],"rotation":0,"texture":"#e1022004-3d69-a375-dfa2-0a0c51c8164f","tintindex":0},"north":{"uv":[8.625,7.0,8.9375,7.125],"rotation":0,"texture":"#e1022004-3d69-a375-dfa2-0a0c51c8164f","tintindex":0},"south":{"uv":[8.625,7.1875,8.9375,7.3125],"rotation":0,"texture":"#e1022004-3d69-a375-dfa2-0a0c51c8164f","tintindex":0},"up":{"uv":[8.9375,7.5,8.625,7.375],"rotation":0,"texture":"#e1022004-3d69-a375-dfa2-0a0c51c8164f","tintindex":0},"west":{"uv":[9.125,0.5625,9.25,0.6875],"rotation":0,"texture":"#e1022004-3d69-a375-dfa2-0a0c51c8164f","tintindex":0}}},{"name":"blleg","from":[5.532176,5.0375,6.058424],"to":[8.682177,8.4875,9.208424],"rotation":{"angle":0.0,"axis":"x","origin":[12.545,3.3976398,5.2653737]},"faces":{"down":{"uv":[0.625,7.5,0.9375,7.8125],"rotation":0,"texture":"#e1022004-3d69-a375-dfa2-0a0c51c8164f","tintindex":0},"east":{"uv":[7.1875,4.0625,7.5,4.4375],"rotation":0,"texture":"#e1022004-3d69-a375-dfa2-0a0c51c8164f","tintindex":0},"north":{"uv":[7.125,3.0,7.4375,3.375],"rotation":0,"texture":"#e1022004-3d69-a375-dfa2-0a0c51c8164f","tintindex":0},"south":{"uv":[7.1875,4.5,7.5,4.875],"rotation":0,"texture":"#e1022004-3d69-a375-dfa2-0a0c51c8164f","tintindex":0},"up":{"uv":[7.75,1.4375,7.4375,1.125],"rotation":0,"texture":"#e1022004-3d69-a375-dfa2-0a0c51c8164f","tintindex":0},"west":{"uv":[5.9375,7.25,6.25,7.625],"rotation":0,"texture":"#e1022004-3d69-a375-dfa2-0a0c51c8164f","tintindex":0}}}],"display":{"head":{"translation":[0.0,-6.4,0.0],"rotation":[0.0,0.0,0.0],"scale":[3.8095,3.8095,3.8095]},"gui":{"translation":[0.0,0.0,0.0],"rotation":[35.0,225.0,0.0],"scale":[0.625,0.625,0.625]}}}