{"file_name":"bottomtail","texture_size":[256,256],"textures":{"e1022004-3d69-a375-dfa2-0a0c51c8164f":"modelengine:entity/cherufe"},"elements":[{"name":"bottomtail","from":[4.225328,7.2287903,6.8082914],"to":[7.975328,8.2787895,10.858292],"rotation":{"angle":45.0,"axis":"y","origin":[8.183798,7.75379,7.073354]},"faces":{"down":{"uv":[3.125,5.0,3.5,5.4375],"rotation":0,"texture":"#e1022004-3d69-a375-dfa2-0a0c51c8164f","tintindex":0},"east":{"uv":[8.5625,5.75,9.0,5.875],"rotation":0,"texture":"#e1022004-3d69-a375-dfa2-0a0c51c8164f","tintindex":0},"north":{"uv":[8.5625,6.625,8.9375,6.75],"rotation":0,"texture":"#e1022004-3d69-a375-dfa2-0a0c51c8164f","tintindex":0},"south":{"uv":[8.5625,7.8125,8.9375,7.9375],"rotation":0,"texture":"#e1022004-3d69-a375-dfa2-0a0c51c8164f","tintindex":0},"up":{"uv":[2.5,4.8125,2.125,4.375],"rotation":0,"texture":"#e1022004-3d69-a375-dfa2-0a0c51c8164f","tintindex":0},"west":{"uv":[8.5625,6.25,9.0,6.375],"rotation":0,"texture":"#e1022004-3d69-a375-dfa2-0a0c51c8164f","tintindex":0}}},{"name":"bottomtail","from":[8.86496,7.308716,5.9232554],"to":[11.5649605,8.358716,8.623256],"rotation":{"angle":-22.5,"axis":"y","origin":[8.183798,7.75379,7.073354]},"faces":{"down":{"uv":[1.375,7.5,1.6875,7.8125],"rotation":0,"texture":"#e1022004-3d69-a375-dfa2-0a0c51c8164f","tintindex":0},"east":{"uv":[3.5,8.6875,3.8125,8.8125],"rotation":0,"texture":"#e1022004-3d69-a375-dfa2-0a0c51c8164f","tintindex":0},"north":{"uv":[3.125,8.6875,3.4375,8.8125],"rotation":0,"texture":"#e1022004-3d69-a375-dfa2-0a0c51c8164f","tintindex":0},"south":{"uv":[3.875,8.6875,4.1875,8.8125],"rotation":0,"texture":"#e1022004-3d69-a375-dfa2-0a0c51c8164f","tintindex":0},"up":{"uv":[1.3125,7.8125,1.0,7.5],"rotation":0,"texture":"#e1022004-3d69-a375-dfa2-0a0c51c8164f","tintindex":0},"west":{"uv":[4.25,8.6875,4.5625,8.8125],"rotation":0,"texture":"#e1022004-3d69-a375-dfa2-0a0c51c8164f","tintindex":0}}},{"name":"bottomtail","from":[4.320194,7.308716,5.723426],"to":[7.020194,8.358716,8.423426],"rotation":{"angle":22.5,"axis":"y","origin":[8.183798,7.75379,7.073354]},"faces":{"down":{"uv":[5.4375,7.5,5.75,7.8125],"rotation":0,"texture":"#e1022004-3d69-a375-dfa2-0a0c51c8164f","tintindex":0},"east":{"uv":[8.4375,8.6875,8.75,8.8125],"rotation":0,"texture":"#e1022004-3d69-a375-dfa2-0a0c51c8164f","tintindex":0},"north":{"uv":[8.0625,8.6875,8.375,8.8125],"rotation":0,"texture":"#e1022004-3d69-a375-dfa2-0a0c51c8164f","tintindex":0},"south":{"uv":[8.6875,4.8125,9.0,4.9375],"rotation":0,"texture":"#e1022004-3d69-a375-dfa2-0a0c51c8164f","tintindex":0},"up":{"uv":[5.375,7.8125,5.0625,7.5],"rotation":0,"texture":"#e1022004-3d69-a375-dfa2-0a0c51c8164f","tintindex":0},"west":{"uv":[8.6875,5.0,9.0,5.125],"rotation":0,"texture":"#e1022004-3d69-a375-dfa2-0a0c51c8164f","tintindex":0}}},{"name":"bottomtail","from":[10.223091,7.37279,9.238035],"to":[12.83309,8.06879,11.788034],"rotation":{"angle":-45.0,"axis":"y","origin":[8.183798,7.75379,7.073354]},"faces":{"down":{"uv":[5.875,4.8125,6.1875,5.0625],"rotation":0,"texture":"#e1022004-3d69-a375-dfa2-0a0c51c8164f","tintindex":0},"east":{"uv":[9.0625,5.4375,9.3125,5.5],"rotation":0,"texture":"#e1022004-3d69-a375-dfa2-0a0c51c8164f","tintindex":0},"north":{"uv":[8.1875,5.75,8.5,5.8125],"rotation":0,"texture":"#e1022004-3d69-a375-dfa2-0a0c51c8164f","tintindex":0},"south":{"uv":[8.8125,4.6875,9.125,4.75],"rotation":0,"texture":"#e1022004-3d69-a375-dfa2-0a0c51c8164f","tintindex":0},"up":{"uv":[3.4375,5.75,3.125,5.5],"rotation":0,"texture":"#e1022004-3d69-a375-dfa2-0a0c51c8164f","tintindex":0},"west":{"uv":[9.125,1.125,9.375,1.1875],"rotation":0,"texture":"#e1022004-3d69-a375-dfa2-0a0c51c8164f","tintindex":0}}}],"display":{"head":{"translation":[0.0,-6.4,0.0],"rotation":[0.0,0.0,0.0],"scale":[3.8095,3.8095,3.8095]},"gui":{"translation":[0.0,0.0,0.0],"rotation":[35.0,225.0,0.0],"scale":[0.625,0.625,0.625]}}}