{"file_name":"brleg","texture_size":[256,256],"textures":{"e1022004-3d69-a375-dfa2-0a0c51c8164f":"modelengine:entity/cherufe"},"elements":[{"name":"brleg","from":[6.912176,4.7374997,6.358424],"to":[10.062176,8.1875,9.508425],"rotation":{"angle":0.0,"axis":"x","origin":[4.9249997,3.0976398,5.565374]},"faces":{"down":{"uv":[2.375,7.4375,2.6875,7.75],"rotation":0,"texture":"#e1022004-3d69-a375-dfa2-0a0c51c8164f","tintindex":0},"east":{"uv":[7.125,1.6875,7.4375,2.0625],"rotation":0,"texture":"#e1022004-3d69-a375-dfa2-0a0c51c8164f","tintindex":0},"north":{"uv":[2.375,7.0,2.6875,7.375],"rotation":0,"texture":"#e1022004-3d69-a375-dfa2-0a0c51c8164f","tintindex":0},"south":{"uv":[7.125,2.125,7.4375,2.5],"rotation":0,"texture":"#e1022004-3d69-a375-dfa2-0a0c51c8164f","tintindex":0},"up":{"uv":[6.625,7.625,6.3125,7.3125],"rotation":0,"texture":"#e1022004-3d69-a375-dfa2-0a0c51c8164f","tintindex":0},"west":{"uv":[7.125,2.5625,7.4375,2.9375],"rotation":0,"texture":"#e1022004-3d69-a375-dfa2-0a0c51c8164f","tintindex":0}}},{"name":"brleg","from":[7.0621758,4.7374997,5.158424],"to":[9.912176,5.6375,6.358424],"rotation":{"angle":0.0,"axis":"x","origin":[4.9249997,3.0976398,5.565374]},"faces":{"down":{"uv":[8.625,3.75,8.9375,3.875],"rotation":0,"texture":"#e1022004-3d69-a375-dfa2-0a0c51c8164f","tintindex":0},"east":{"uv":[9.0625,7.9375,9.1875,8.0625],"rotation":0,"texture":"#e1022004-3d69-a375-dfa2-0a0c51c8164f","tintindex":0},"north":{"uv":[7.125,8.625,7.4375,8.75],"rotation":0,"texture":"#e1022004-3d69-a375-dfa2-0a0c51c8164f","tintindex":0},"south":{"uv":[8.625,0.0,8.9375,0.125],"rotation":0,"texture":"#e1022004-3d69-a375-dfa2-0a0c51c8164f","tintindex":0},"up":{"uv":[8.9375,3.0,8.625,2.875],"rotation":0,"texture":"#e1022004-3d69-a375-dfa2-0a0c51c8164f","tintindex":0},"west":{"uv":[9.0625,8.3125,9.1875,8.4375],"rotation":0,"texture":"#e1022004-3d69-a375-dfa2-0a0c51c8164f","tintindex":0}}}],"display":{"head":{"translation":[0.0,-6.4,0.0],"rotation":[0.0,0.0,0.0],"scale":[3.8095,3.8095,3.8095]},"gui":{"translation":[0.0,0.0,0.0],"rotation":[35.0,225.0,0.0],"scale":[0.625,0.625,0.625]}}}