{"file_name":"flleg","texture_size":[256,256],"textures":{"e1022004-3d69-a375-dfa2-0a0c51c8164f":"modelengine:entity/cherufe"},"elements":[{"name":"flleg","from":[7.107176,6.00125,6.9246736],"to":[8.907176,9.97625,8.799673],"rotation":{"angle":0.0,"axis":"x","origin":[12.47,4.3613896,14.381624]},"faces":{"down":{"uv":[5.375,8.75,5.5625,8.9375],"rotation":0,"texture":"#e1022004-3d69-a375-dfa2-0a0c51c8164f","tintindex":0},"east":{"uv":[7.9375,5.3125,8.125,5.75],"rotation":0,"texture":"#e1022004-3d69-a375-dfa2-0a0c51c8164f","tintindex":0},"north":{"uv":[7.9375,4.8125,8.125,5.25],"rotation":0,"texture":"#e1022004-3d69-a375-dfa2-0a0c51c8164f","tintindex":0},"south":{"uv":[1.75,8.0,1.9375,8.4375],"rotation":0,"texture":"#e1022004-3d69-a375-dfa2-0a0c51c8164f","tintindex":0},"up":{"uv":[5.3125,8.9375,5.125,8.75],"rotation":0,"texture":"#e1022004-3d69-a375-dfa2-0a0c51c8164f","tintindex":0},"west":{"uv":[2.0,8.0,2.1875,8.4375],"rotation":0,"texture":"#e1022004-3d69-a375-dfa2-0a0c51c8164f","tintindex":0}}},{"name":"flleg","from":[7.257176,6.00125,5.7246733],"to":[8.757175,6.6012497,7.0746737],"rotation":{"angle":0.0,"axis":"x","origin":[12.47,4.3613896,14.381624]},"faces":{"down":{"uv":[6.5,9.0625,6.6875,9.1875],"rotation":0,"texture":"#e1022004-3d69-a375-dfa2-0a0c51c8164f","tintindex":0},"east":{"uv":[9.375,9.375,9.5,9.4375],"rotation":0,"texture":"#e1022004-3d69-a375-dfa2-0a0c51c8164f","tintindex":0},"north":{"uv":[9.25,0.875,9.4375,0.9375],"rotation":0,"texture":"#e1022004-3d69-a375-dfa2-0a0c51c8164f","tintindex":0},"south":{"uv":[9.25,2.375,9.4375,2.4375],"rotation":0,"texture":"#e1022004-3d69-a375-dfa2-0a0c51c8164f","tintindex":0},"up":{"uv":[6.4375,9.1875,6.25,9.0625],"rotation":0,"texture":"#e1022004-3d69-a375-dfa2-0a0c51c8164f","tintindex":0},"west":{"uv":[9.375,0.0,9.5,0.0625],"rotation":0,"texture":"#e1022004-3d69-a375-dfa2-0a0c51c8164f","tintindex":0}}}],"display":{"head":{"translation":[0.0,-6.4,0.0],"rotation":[0.0,0.0,0.0],"scale":[3.8095,3.8095,3.8095]},"gui":{"translation":[0.0,0.0,0.0],"rotation":[35.0,225.0,0.0],"scale":[0.625,0.625,0.625]}}}