{"file_name":"frleg","texture_size":[256,256],"textures":{"e1022004-3d69-a375-dfa2-0a0c51c8164f":"modelengine:entity/cherufe"},"elements":[{"name":"frleg","from":[6.987176,6.411914,6.9877644],"to":[8.787176,11.061914,8.937764],"rotation":{"angle":0.0,"axis":"x","origin":[5.45,4.710986,14.369919]},"faces":{"down":{"uv":[1.9375,8.75,2.125,8.9375],"rotation":0,"texture":"#e1022004-3d69-a375-dfa2-0a0c51c8164f","tintindex":0},"east":{"uv":[1.75,6.25,1.9375,6.75],"rotation":0,"texture":"#e1022004-3d69-a375-dfa2-0a0c51c8164f","tintindex":0},"north":{"uv":[2.875,5.9375,3.0625,6.4375],"rotation":0,"texture":"#e1022004-3d69-a375-dfa2-0a0c51c8164f","tintindex":0},"south":{"uv":[6.375,5.6875,6.5625,6.1875],"rotation":0,"texture":"#e1022004-3d69-a375-dfa2-0a0c51c8164f","tintindex":0},"up":{"uv":[1.875,8.9375,1.6875,8.75],"rotation":0,"texture":"#e1022004-3d69-a375-dfa2-0a0c51c8164f","tintindex":0},"west":{"uv":[3.0625,7.5625,3.25,8.0625],"rotation":0,"texture":"#e1022004-3d69-a375-dfa2-0a0c51c8164f","tintindex":0}}},{"name":"frleg","from":[7.137176,6.411914,5.7877645],"to":[8.6371765,7.0119143,7.137764],"rotation":{"angle":0.0,"axis":"x","origin":[5.45,4.710986,14.369919]},"faces":{"down":{"uv":[5.625,9.0625,5.8125,9.1875],"rotation":0,"texture":"#e1022004-3d69-a375-dfa2-0a0c51c8164f","tintindex":0},"east":{"uv":[4.5,1.125,4.625,1.1875],"rotation":0,"texture":"#e1022004-3d69-a375-dfa2-0a0c51c8164f","tintindex":0},"north":{"uv":[8.375,2.875,8.5625,2.9375],"rotation":0,"texture":"#e1022004-3d69-a375-dfa2-0a0c51c8164f","tintindex":0},"south":{"uv":[9.125,1.25,9.3125,1.3125],"rotation":0,"texture":"#e1022004-3d69-a375-dfa2-0a0c51c8164f","tintindex":0},"up":{"uv":[9.1875,8.625,9.0,8.5],"rotation":0,"texture":"#e1022004-3d69-a375-dfa2-0a0c51c8164f","tintindex":0},"west":{"uv":[8.375,6.25,8.5,6.3125],"rotation":0,"texture":"#e1022004-3d69-a375-dfa2-0a0c51c8164f","tintindex":0}}}],"display":{"head":{"translation":[0.0,-6.4,0.0],"rotation":[0.0,0.0,0.0],"scale":[3.8095,3.8095,3.8095]},"gui":{"translation":[0.0,0.0,0.0],"rotation":[35.0,225.0,0.0],"scale":[0.625,0.625,0.625]}}}