{"file_name":"head","texture_size":[256,256],"textures":{"e1022004-3d69-a375-dfa2-0a0c51c8164f":"modelengine:entity/cherufe"},"elements":[{"name":"head","from":[8.745607,9.278383,4.317469],"to":[10.695608,11.228384,4.767469],"rotation":{"angle":45.0,"axis":"z","origin":[8.93012,8.344484,7.049239]},"faces":{"down":{"uv":[9.25,0.75,9.4375,0.8125],"rotation":0,"texture":"#e1022004-3d69-a375-dfa2-0a0c51c8164f","tintindex":0},"east":{"uv":[9.25,0.0,9.3125,0.1875],"rotation":0,"texture":"#e1022004-3d69-a375-dfa2-0a0c51c8164f","tintindex":0},"north":{"uv":[4.625,8.75,4.8125,8.9375],"rotation":0,"texture":"#e1022004-3d69-a375-dfa2-0a0c51c8164f","tintindex":0},"south":{"uv":[4.875,8.75,5.0625,8.9375],"rotation":0,"texture":"#e1022004-3d69-a375-dfa2-0a0c51c8164f","tintindex":0},"up":{"uv":[9.375,8.75,9.1875,8.6875],"rotation":0,"texture":"#e1022004-3d69-a375-dfa2-0a0c51c8164f","tintindex":0},"west":{"uv":[9.25,0.25,9.3125,0.4375],"rotation":0,"texture":"#e1022004-3d69-a375-dfa2-0a0c51c8164f","tintindex":0}}},{"name":"head","from":[9.195608,9.878384,2.8174691],"to":[10.245607,10.778383,3.267469],"rotation":{"angle":45.0,"axis":"z","origin":[8.93012,8.344484,7.049239]},"faces":{"down":{"uv":[8.4375,7.0,8.5625,7.0625],"rotation":0,"texture":"#e1022004-3d69-a375-dfa2-0a0c51c8164f","tintindex":0},"east":{"uv":[2.125,9.375,2.1875,9.5],"rotation":0,"texture":"#e1022004-3d69-a375-dfa2-0a0c51c8164f","tintindex":0},"north":{"uv":[9.125,2.625,9.25,2.75],"rotation":0,"texture":"#e1022004-3d69-a375-dfa2-0a0c51c8164f","tintindex":0},"south":{"uv":[0.5,9.1875,0.625,9.3125],"rotation":0,"texture":"#e1022004-3d69-a375-dfa2-0a0c51c8164f","tintindex":0},"up":{"uv":[8.5625,3.8125,8.4375,3.75],"rotation":0,"texture":"#e1022004-3d69-a375-dfa2-0a0c51c8164f","tintindex":0},"west":{"uv":[2.25,9.375,2.3125,9.5],"rotation":0,"texture":"#e1022004-3d69-a375-dfa2-0a0c51c8164f","tintindex":0}}},{"name":"head","from":[7.71068,11.151176,4.767469],"to":[8.76068,12.051176,5.217469],"rotation":{"angle":45.0,"axis":"z","origin":[8.93012,8.344484,7.049239]},"faces":{"down":{"uv":[3.1875,9.375,3.3125,9.4375],"rotation":0,"texture":"#e1022004-3d69-a375-dfa2-0a0c51c8164f","tintindex":0},"east":{"uv":[2.625,9.375,2.6875,9.5],"rotation":0,"texture":"#e1022004-3d69-a375-dfa2-0a0c51c8164f","tintindex":0},"north":{"uv":[1.875,9.1875,2.0,9.3125],"rotation":0,"texture":"#e1022004-3d69-a375-dfa2-0a0c51c8164f","tintindex":0},"south":{"uv":[2.0625,9.1875,2.1875,9.3125],"rotation":0,"texture":"#e1022004-3d69-a375-dfa2-0a0c51c8164f","tintindex":0},"up":{"uv":[9.375,8.125,9.25,8.0625],"rotation":0,"texture":"#e1022004-3d69-a375-dfa2-0a0c51c8164f","tintindex":0},"west":{"uv":[3.0625,9.375,3.125,9.5],"rotation":0,"texture":"#e1022004-3d69-a375-dfa2-0a0c51c8164f","tintindex":0}}},{"name":"head","from":[10.574462,8.287394,4.767469],"to":[11.624462,9.187393,5.217469],"rotation":{"angle":45.0,"axis":"z","origin":[8.93012,8.344484,7.049239]},"faces":{"down":{"uv":[4.4375,9.375,4.5625,9.4375],"rotation":0,"texture":"#e1022004-3d69-a375-dfa2-0a0c51c8164f","tintindex":0},"east":{"uv":[4.0,9.375,4.0625,9.5],"rotation":0,"texture":"#e1022004-3d69-a375-dfa2-0a0c51c8164f","tintindex":0},"north":{"uv":[2.625,9.1875,2.75,9.3125],"rotation":0,"texture":"#e1022004-3d69-a375-dfa2-0a0c51c8164f","tintindex":0},"south":{"uv":[4.625,9.1875,4.75,9.3125],"rotation":0,"texture":"#e1022004-3d69-a375-dfa2-0a0c51c8164f","tintindex":0},"up":{"uv":[4.375,9.4375,4.25,9.375],"rotation":0,"texture":"#e1022004-3d69-a375-dfa2-0a0c51c8164f","tintindex":0},"west":{"uv":[4.125,9.375,4.1875,9.5],"rotation":0,"texture":"#e1022004-3d69-a375-dfa2-0a0c51c8164f","tintindex":0}}},{"name":"head","from":[4.914284,5.2774997,2.592469],"to":[11.364284,10.377501,7.8424697],"rotation":{"angle":0.0,"axis":"x","origin":[9.227108,-0.6747885,16.693474]},"faces":{"down":{"uv":[5.5625,4.1875,6.25,4.75],"rotation":0,"texture":"#e1022004-3d69-a375-dfa2-0a0c51c8164f","tintindex":0},"east":{"uv":[1.75,7.0,2.3125,7.5],"rotation":0,"texture":"#e1022004-3d69-a375-dfa2-0a0c51c8164f","tintindex":0},"north":{"uv":[5.875,5.125,6.5625,5.625],"rotation":0,"texture":"#e1022004-3d69-a375-dfa2-0a0c51c8164f","tintindex":0},"south":{"uv":[5.9375,0.0,6.625,0.5],"rotation":0,"texture":"#e1022004-3d69-a375-dfa2-0a0c51c8164f","tintindex":0},"up":{"uv":[5.5,4.75,4.8125,4.1875],"rotation":0,"texture":"#e1022004-3d69-a375-dfa2-0a0c51c8164f","tintindex":0},"west":{"uv":[0.0,7.0625,0.5625,7.5625],"rotation":0,"texture":"#e1022004-3d69-a375-dfa2-0a0c51c8164f","tintindex":0}}},{"name":"head","from":[5.0642843,12.183453,4.735382],"to":[11.214284,12.933452,5.3353825],"rotation":{"angle":-45.0,"axis":"x","origin":[8.93012,8.344484,7.049239]},"faces":{"down":{"uv":[8.5625,5.9375,9.1875,6.0],"rotation":0,"texture":"#e1022004-3d69-a375-dfa2-0a0c51c8164f","tintindex":0},"east":{"uv":[9.375,3.5625,9.4375,3.625],"rotation":0,"texture":"#e1022004-3d69-a375-dfa2-0a0c51c8164f","tintindex":0},"north":{"uv":[3.8125,1.125,4.4375,1.1875],"rotation":0,"texture":"#e1022004-3d69-a375-dfa2-0a0c51c8164f","tintindex":0},"south":{"uv":[3.8125,3.6875,4.4375,3.75],"rotation":0,"texture":"#e1022004-3d69-a375-dfa2-0a0c51c8164f","tintindex":0},"up":{"uv":[8.9375,8.25,8.3125,8.1875],"rotation":0,"texture":"#e1022004-3d69-a375-dfa2-0a0c51c8164f","tintindex":0},"west":{"uv":[9.375,3.6875,9.4375,3.75],"rotation":0,"texture":"#e1022004-3d69-a375-dfa2-0a0c51c8164f","tintindex":0}}},{"name":"head","from":[6.1780224,5.0476575,2.8174691],"to":[7.228022,5.9476576,3.267469],"rotation":{"angle":-45.0,"axis":"z","origin":[8.93012,8.344484,7.049239]},"faces":{"down":{"uv":[6.9375,9.375,7.0625,9.4375],"rotation":0,"texture":"#e1022004-3d69-a375-dfa2-0a0c51c8164f","tintindex":0},"east":{"uv":[5.25,9.375,5.3125,9.5],"rotation":0,"texture":"#e1022004-3d69-a375-dfa2-0a0c51c8164f","tintindex":0},"north":{"uv":[5.1875,9.1875,5.3125,9.3125],"rotation":0,"texture":"#e1022004-3d69-a375-dfa2-0a0c51c8164f","tintindex":0},"south":{"uv":[5.375,9.1875,5.5,9.3125],"rotation":0,"texture":"#e1022004-3d69-a375-dfa2-0a0c51c8164f","tintindex":0},"up":{"uv":[6.875,9.4375,6.75,9.375],"rotation":0,"texture":"#e1022004-3d69-a375-dfa2-0a0c51c8164f","tintindex":0},"west":{"uv":[5.375,9.375,5.4375,9.5],"rotation":0,"texture":"#e1022004-3d69-a375-dfa2-0a0c51c8164f","tintindex":0}}},{"name":"head","from":[10.115164,5.935746,2.8174691],"to":[12.965163,6.655746,3.6274693],"rotation":{"angle":45.0,"axis":"z","origin":[7.7240963,7.504484,7.049239]},"faces":{"down":{"uv":[9.0,8.1875,9.3125,8.25],"rotation":0,"texture":"#e1022004-3d69-a375-dfa2-0a0c51c8164f","tintindex":0},"east":{"uv":[9.375,3.8125,9.4375,3.875],"rotation":0,"texture":"#e1022004-3d69-a375-dfa2-0a0c51c8164f","tintindex":0},"north":{"uv":[9.0,1.0,9.3125,1.0625],"rotation":0,"texture":"#e1022004-3d69-a375-dfa2-0a0c51c8164f","tintindex":0},"south":{"uv":[9.0,2.5,9.3125,2.5625],"rotation":0,"texture":"#e1022004-3d69-a375-dfa2-0a0c51c8164f","tintindex":0},"up":{"uv":[9.3125,3.875,9.0,3.8125],"rotation":0,"texture":"#e1022004-3d69-a375-dfa2-0a0c51c8164f","tintindex":0},"west":{"uv":[9.375,3.9375,9.4375,4.0],"rotation":0,"texture":"#e1022004-3d69-a375-dfa2-0a0c51c8164f","tintindex":0}}},{"name":"head","from":[3.335816,6.788534,2.8174691],"to":[6.185816,7.508534,3.6274693],"rotation":{"angle":-45.0,"axis":"z","origin":[7.7240963,7.504484,7.049239]},"faces":{"down":{"uv":[9.3125,8.1875,9.0,8.25],"rotation":0,"texture":"#e1022004-3d69-a375-dfa2-0a0c51c8164f","tintindex":0},"east":{"uv":[9.4375,3.9375,9.375,4.0],"rotation":0,"texture":"#e1022004-3d69-a375-dfa2-0a0c51c8164f","tintindex":0},"north":{"uv":[9.3125,1.0,9.0,1.0625],"rotation":0,"texture":"#e1022004-3d69-a375-dfa2-0a0c51c8164f","tintindex":0},"south":{"uv":[9.3125,2.5,9.0,2.5625],"rotation":0,"texture":"#e1022004-3d69-a375-dfa2-0a0c51c8164f","tintindex":0},"up":{"uv":[9.0,3.875,9.3125,3.8125],"rotation":0,"texture":"#e1022004-3d69-a375-dfa2-0a0c51c8164f","tintindex":0},"west":{"uv":[9.4375,3.8125,9.375,3.875],"rotation":0,