{"file_name":"mouth","texture_size":[256,256],"textures":{"e1022004-3d69-a375-dfa2-0a0c51c8164f":"modelengine:entity/cherufe"},"elements":[{"name":"mouth","from":[5.0267,8.224352,5.5702524],"to":[5.6267,10.024353,8.870252],"rotation":{"angle":22.5,"axis":"z","origin":[7.893326,7.9256964,8.135252]},"faces":{"down":{"uv":[5.875,9.0625,5.9375,9.4375],"rotation":0,"texture":"#e1022004-3d69-a375-dfa2-0a0c51c8164f","tintindex":0},"east":{"uv":[8.0625,1.6875,8.4375,1.875],"rotation":0,"texture":"#e1022004-3d69-a375-dfa2-0a0c51c8164f","tintindex":0},"north":{"uv":[9.25,1.375,9.3125,1.5625],"rotation":0,"texture":"#e1022004-3d69-a375-dfa2-0a0c51c8164f","tintindex":0},"south":{"uv":[9.25,1.625,9.3125,1.8125],"rotation":0,"texture":"#e1022004-3d69-a375-dfa2-0a0c51c8164f","tintindex":0},"up":{"uv":[3.0,9.375,2.9375,9.0],"rotation":0,"texture":"#e1022004-3d69-a375-dfa2-0a0c51c8164f","tintindex":0},"west":{"uv":[8.0625,1.9375,8.4375,2.125],"rotation":0,"texture":"#e1022004-3d69-a375-dfa2-0a0c51c8164f","tintindex":0}}},{"name":"mouth","from":[5.112176,7.43624,4.9789095],"to":[10.662176,8.18624,8.7289095],"rotation":{"angle":-22.5,"axis":"x","origin":[7.893326,7.9256964,8.135252]},"faces":{"down":{"uv":[7.0625,5.4375,7.625,5.8125],"rotation":0,"texture":"#e1022004-3d69-a375-dfa2-0a0c51c8164f","tintindex":0},"east":{"uv":[8.125,7.5,8.5,7.5625],"rotation":0,"texture":"#e1022004-3d69-a375-dfa2-0a0c51c8164f","tintindex":0},"north":{"uv":[8.625,3.0625,9.1875,3.125],"rotation":0,"texture":"#e1022004-3d69-a375-dfa2-0a0c51c8164f","tintindex":0},"south":{"uv":[8.625,3.9375,9.1875,4.0],"rotation":0,"texture":"#e1022004-3d69-a375-dfa2-0a0c51c8164f","tintindex":0},"up":{"uv":[7.625,5.375,7.0625,5.0],"rotation":0,"texture":"#e1022004-3d69-a375-dfa2-0a0c51c8164f","tintindex":0},"west":{"uv":[1.3125,8.375,1.6875,8.4375],"rotation":0,"texture":"#e1022004-3d69-a375-dfa2-0a0c51c8164f","tintindex":0}}},{"name":"mouth","from":[10.165628,8.226704,5.5702524],"to":[10.765629,10.026705,8.870252],"rotation":{"angle":-22.5,"axis":"z","origin":[7.893326,7.9256964,8.135252]},"faces":{"down":{"uv":[6.125,9.0625,6.1875,9.4375],"rotation":0,"texture":"#e1022004-3d69-a375-dfa2-0a0c51c8164f","tintindex":0},"east":{"uv":[8.0625,2.1875,8.4375,2.375],"rotation":0,"texture":"#e1022004-3d69-a375-dfa2-0a0c51c8164f","tintindex":0},"north":{"uv":[9.25,1.875,9.3125,2.0625],"rotation":0,"texture":"#e1022004-3d69-a375-dfa2-0a0c51c8164f","tintindex":0},"south":{"uv":[9.25,2.125,9.3125,2.3125],"rotation":0,"texture":"#e1022004-3d69-a375-dfa2-0a0c51c8164f","tintindex":0},"up":{"uv":[6.0625,9.4375,6.0,9.0625],"rotation":0,"texture":"#e1022004-3d69-a375-dfa2-0a0c51c8164f","tintindex":0},"west":{"uv":[8.0625,2.4375,8.4375,2.625],"rotation":0,"texture":"#e1022004-3d69-a375-dfa2-0a0c51c8164f","tintindex":0}}}],"display":{"head":{"translation":[0.0,-6.4,0.0],"rotation":[0.0,0.0,0.0],"scale":[3.8095,3.8095,3.8095]},"gui":{"translation":[0.0,0.0,0.0],"rotation":[35.0,225.0,0.0],"scale":[0.625,0.625,0.625]}}}