{
  "file_name": "lh1_2",
  "texture_size": [
    16,
    16
  ],
  "textures": {
    "layer0": "modelengine:entity/snowgremlin"
  },
  "elements": [
    {
      "name": "lh1_2_0",
      "from": [
        7.8885374,
        7.8808336,
        8.328008
      ],
      "to": [
        8.701639,
        8.037404,
        8.449034
      ],
      "rotation": {
        "angle": 22.5,
        "axis": "z",
        "origin": [
          8.0,
          8.0,
          7.9999995
        ]
      },
      "faces": {
        "down": {
          "uv": [
            10.5,
            0.625,
            10.875,
            0.875
          ],
          "texture": "#layer0",
          "tintindex": 0
        },
        "east": {
          "uv": [
            12.625,
            0.625,
            10.5,
            0.875
          ],
          "texture": "#layer0",
          "tintindex": 0
        },
        "north": {
          "uv": [
            12.625,
            0.625,
            10.5,
            0.875
          ],
          "texture": "#layer0",
          "tintindex": 0
        },
        "south": {
          "uv": [
            12.625,
            0.625,
            10.5,
            0.875
          ],
          "texture": "#layer0",
          "tintindex": 0
        },
        "up": {
          "uv": [
            11.125,
            0.625,
            10.5,
            0.875
          ],
          "texture": "#layer0",
          "tintindex": 0
        },
        "west": {
          "uv": [
            12.625,
            0.625,
            10.5,
            0.875
          ],
          "texture": "#layer0",
          "tintindex": 0
        }
      }
    }
  ],
  "display": {
    "head": {
      "translation": [
        0.0,
        -6.4,
        0.0
      ],
      "rotation": [
        0.0,
        0.0,
        0.0
      ],
      "scale": [
        3.8095,
        3.8095,
        3.8095
      ]
    },
    "gui": {
      "translation": [
        0.0,
        0.0,
        0.0
      ],
      "rotation": [
        35.0,
        225.0,
        0.0
      ],
      "scale": [
        0.625,
        0.625,
        0.625
      ]
    }
  }
}