{
  "file_name": "mouth",
  "texture_size": [
    128,
    128
  ],
  "textures": {
    "layer0": "modelengine:entity/grindylownew"
  },
  "elements": [
    {
      "name": "mouth_0",
      "from": [
        7.56224,
        8.03852,
        7.50752
      ],
      "to": [
        8.40128,
        8.18444,
        8.492479
      ],
      "rotation": {
        "angle": -45.0,
        "axis": "x",
        "origin": [
          8.0,
          8.075,
          8.0
        ]
      },
      "faces": {
        "down": {
          "uv": [
            15.8895,
            2.1250002,
            4.0,
            6.0145
          ],
          "texture": "#layer0",
          "tintindex": 0
        },
        "east": {
          "uv": [
            4.75,
            5.0,
            5.51325,
            7.6382504
          ],
          "texture": "#layer0",
          "tintindex": 0
        },
        "north": {
          "uv": [
            7.75,
            12.5,
            14.261625,
            13.636625
          ],
          "texture": "#layer0",
          "tintindex": 0
        },
        "south": {
          "uv": [
            5.25,
            5.375,
            11.762,
            6.637
          ],
          "texture": "#layer0",
          "tintindex": 0
        },
        "up": {
          "uv": [
            7.8749995,
            10.125,
            14.1395,
            12.7645
          ],
          "texture": "#layer0",
          "tintindex": 0
        },
        "west": {
          "uv": [
            4.75,
            5.0,
            5.51325,
            7.6382504
          ],
          "texture": "#layer0",
          "tintindex": 0
        }
      }
    }
  ],
  "display": {
    "head": {
      "translation": [
        0.0,
        -6.4,
        0.0
      ],
      "rotation": [
        0.0,
        0.0,
        0.0
      ],
      "scale": [
        3.8095,
        3.8095,
        3.8095
      ]
    },
    "gui": {
      "translation": [
        0.0,
        0.0,
        0.0
      ],
      "rotation": [
        35.0,
        225.0,
        0.0
      ],
      "scale": [
        0.625,
        0.625,
        0.625
      ]
    }
  }
}