{
  "file_name": "rb",
  "texture_size": [
    16,
    16
  ],
  "textures": {
    "layer0": "modelengine:entity/turtle"
  },
  "elements": [
    {
      "name": "rb_0",
      "from": [
        7.861082,
        7.94225,
        7.6844
      ],
      "to": [
        8.329082,
        8.05775,
        8.4929
      ],
      "rotation": {
        "angle": -45.0,
        "axis": "y",
        "origin": [
          8.0420475,
          8.0,
          7.9295483
        ]
      },
      "faces": {
        "down": {
          "uv": [
            5.147,
            9.75,
            1.8749998,
            13.022
          ],
          "texture": "#layer0",
          "tintindex": 0
        },
        "east": {
          "uv": [
            1.0,
            11.375,
            2.3474998,
            11.5675
          ],
          "texture": "#layer0",
          "tintindex": 0
        },
        "north": {
          "uv": [
            1.5,
            10.5,
            2.28,
            10.6925
          ],
          "texture": "#layer0",
          "tintindex": 0
        },
        "south": {
          "uv": [
            2.905,
            10.625,
            2.125,
            10.8175
          ],
          "texture": "#layer0",
          "tintindex": 0
        },
        "up": {
          "uv": [
            1.5000001,
            11.5,
            2.8475,
            12.28
          ],
          "texture": "#layer0",
          "tintindex": 0
        },
        "west": {
          "uv": [
            1.4725,
            9.25,
            0.125,
            9.4425
          ],
          "texture": "#layer0",
          "tintindex": 0
        }
      }
    }
  ],
  "display": {
    "head": {
      "translation": [
        0.0,
        -6.4,
        0.0
      ],
      "rotation": [
        0.0,
        0.0,
        0.0
      ],
      "scale": [
        3.8095,
        3.8095,
        3.8095
      ]
    },
    "gui": {
      "translation": [
        0.0,
        0.0,
        0.0
      ],
      "rotation": [
        35.0,
        225.0,
        0.0
      ],
      "scale": [
        0.625,
        0.625,
        0.625
      ]
    }
  }
}