{"file_name":"footr","texture_size":[64,64],"textures":{"1761376a-a6e6-737a-caa7-754b8815f038":"modelengine:entity/phoenix"},"elements":[{"name":"cube","from":[7.897604,7.928,6.4501705],"to":[8.077604,8.167999,7.8901706],"rotation":{"angle":0.0,"axis":"x","origin":[7.9914746,8.024,8.071112]},"faces":{"down":{"uv":[5.5,10.25,5.75,10.75],"rotation":0,"texture":"#1761376a-a6e6-737a-caa7-754b8815f038","tintindex":0},"east":{"uv":[4.25,10.25,4.75,10.5],"rotation":0,"texture":"#1761376a-a6e6-737a-caa7-754b8815f038","tintindex":0},"north":{"uv":[10.5,5.0,10.75,5.25],"rotation":0,"texture":"#1761376a-a6e6-737a-caa7-754b8815f038","tintindex":0},"south":{"uv":[10.5,5.25,10.75,5.5],"rotation":0,"texture":"#1761376a-a6e6-737a-caa7-754b8815f038","tintindex":0},"up":{"uv":[5.5,10.75,5.25,10.25],"rotation":0,"texture":"#1761376a-a6e6-737a-caa7-754b8815f038","tintindex":0},"west":{"uv":[4.75,10.25,5.25,10.5],"rotation":0,"texture":"#1761376a-a6e6-737a-caa7-754b8815f038","tintindex":0}}},{"name":"cube","from":[8.047377,7.892,6.6499186],"to":[8.227377,8.132,8.089919],"rotation":{"angle":-22.5,"axis":"y","origin":[7.9914746,8.024,8.071112]},"faces":{"down":{"uv":[8.0,10.25,8.25,10.75],"rotation":0,"texture":"#1761376a-a6e6-737a-caa7-754b8815f038","tintindex":0},"east":{"uv":[6.75,10.25,7.25,10.5],"rotation":0,"texture":"#1761376a-a6e6-737a-caa7-754b8815f038","tintindex":0},"north":{"uv":[10.5,5.5,10.75,5.75],"rotation":0,"texture":"#1761376a-a6e6-737a-caa7-754b8815f038","tintindex":0},"south":{"uv":[10.5,5.75,10.75,6.0],"rotation":0,"texture":"#1761376a-a6e6-737a-caa7-754b8815f038","tintindex":0},"up":{"uv":[8.0,10.75,7.75,10.25],"rotation":0,"texture":"#1761376a-a6e6-737a-caa7-754b8815f038","tintindex":0},"west":{"uv":[7.25,10.25,7.75,10.5],"rotation":0,"texture":"#1761376a-a6e6-737a-caa7-754b8815f038","tintindex":0}}},{"name":"cube","from":[7.760332,7.892,6.6485415],"to":[7.9403324,8.132,8.088542],"rotation":{"angle":22.5,"axis":"y","origin":[7.9914746,8.024,8.071112]},"faces":{"down":{"uv":[10.25,10.25,10.5,10.75],"rotation":0,"texture":"#1761376a-a6e6-737a-caa7-754b8815f038","tintindex":0},"east":{"uv":[8.25,10.25,8.75,10.5],"rotation":0,"texture":"#1761376a-a6e6-737a-caa7-754b8815f038","tintindex":0},"north":{"uv":[10.5,6.0,10.75,6.25],"rotation":0,"texture":"#1761376a-a6e6-737a-caa7-754b8815f038","tintindex":0},"south":{"uv":[10.5,6.25,10.75,6.5],"rotation":0,"texture":"#1761376a-a6e6-737a-caa7-754b8815f038","tintindex":0},"up":{"uv":[9.5,10.75,9.25,10.25],"rotation":0,"texture":"#1761376a-a6e6-737a-caa7-754b8815f038","tintindex":0},"west":{"uv":[8.75,10.25,9.25,10.5],"rotation":0,"texture":"#1761376a-a6e6-737a-caa7-754b8815f038","tintindex":0}}}],"display":{"head":{"translation":[0.0,-6.4,0.0],"rotation":[0.0,0.0,0.0],"scale":[3.8095,3.8095,3.8095]},"gui":{"translation":[0.0,0.0,0.0],"rotation":[35.0,225.0,0.0],"scale":[0.625,0.625,0.625]}}}