{"file_name":"head","texture_size":[64,64],"textures":{"1761376a-a6e6-737a-caa7-754b8815f038":"modelengine:entity/phoenix"},"elements":[{"name":"cube","from":[7.5587854,7.5407324,9.18649],"to":[8.458786,9.160733,9.966492],"rotation":{"angle":-22.5,"axis":"x","origin":[8.029785,4.5139623,8.415404]},"faces":{"down":{"uv":[2.5,10.25,3.0,10.5],"rotation":0,"texture":"#1761376a-a6e6-737a-caa7-754b8815f038","tintindex":0},"east":{"uv":[9.5,8.75,9.75,9.5],"rotation":0,"texture":"#1761376a-a6e6-737a-caa7-754b8815f038","tintindex":0},"north":{"uv":[4.5,6.25,5.0,7.0],"rotation":0,"texture":"#1761376a-a6e6-737a-caa7-754b8815f038","tintindex":0},"south":{"uv":[8.25,0.0,8.75,0.75],"rotation":0,"texture":"#1761376a-a6e6-737a-caa7-754b8815f038","tintindex":0},"up":{"uv":[2.5,10.5,2.0,10.25],"rotation":0,"texture":"#1761376a-a6e6-737a-caa7-754b8815f038","tintindex":0},"west":{"uv":[9.75,2.0,10.0,2.75],"rotation":0,"texture":"#1761376a-a6e6-737a-caa7-754b8815f038","tintindex":0}}},{"name":"cube","from":[8.068786,7.519877,7.355693],"to":[8.068786,10.615877,9.959692],"rotation":{"angle":-22.5,"axis":"x","origin":[8.068786,7.4499373,7.9964523]},"faces":{"down":{"uv":[0.0,0.0,0.0,1.25],"rotation":0,"texture":"#1761376a-a6e6-737a-caa7-754b8815f038","tintindex":0},"east":{"uv":[1.25,2.25,0.0,3.875],"rotation":0,"texture":"#1761376a-a6e6-737a-caa7-754b8815f038","tintindex":0},"north":{"uv":[0.0,0.0,0.0,2.0],"rotation":0,"texture":"#1761376a-a6e6-737a-caa7-754b8815f038","tintindex":0},"south":{"uv":[0.0,0.0,0.0,2.0],"rotation":0,"texture":"#1761376a-a6e6-737a-caa7-754b8815f038","tintindex":0},"up":{"uv":[0.0,1.25,0.0,0.0],"rotation":0,"texture":"#1761376a-a6e6-737a-caa7-754b8815f038","tintindex":0},"west":{"uv":[0.0,2.25,1.25,3.875],"rotation":0,"texture":"#1761376a-a6e6-737a-caa7-754b8815f038","tintindex":0}}},{"name":"cube","from":[7.3037853,8.539991,6.969513],"to":[8.683785,9.679993,8.649513],"rotation":{"angle":-22.5,"axis":"x","origin":[8.068786,7.4499373,7.9964523]},"faces":{"down":{"uv":[5.25,8.5,5.75,9.25],"rotation":0,"texture":"#1761376a-a6e6-737a-caa7-754b8815f038","tintindex":0},"east":{"uv":[2.75,7.0,3.5,7.5],"rotation":0,"texture":"#1761376a-a6e6-737a-caa7-754b8815f038","tintindex":0},"north":{"uv":[8.5,6.75,9.0,7.25],"rotation":0,"texture":"#1761376a-a6e6-737a-caa7-754b8815f038","tintindex":0},"south":{"uv":[8.5,8.0,9.0,8.5],"rotation":0,"texture":"#1761376a-a6e6-737a-caa7-754b8815f038","tintindex":0},"up":{"uv":[5.25,9.25,4.75,8.5],"rotation":0,"texture":"#1761376a-a6e6-737a-caa7-754b8815f038","tintindex":0},"west":{"uv":[3.75,7.5,4.5,8.0],"rotation":0,"texture":"#1761376a-a6e6-737a-caa7-754b8815f038","tintindex":0}}},{"name":"cube","from":[7.918786,8.881376,6.4674597],"to":[8.098785,10.021376,6.64746],"rotation":{"angle":22.5,"axis":"x","origin":[8.068786,7.4499373,7.9964523]},"faces":{"down":{"uv":[10.5,6.75,10.75,7.0],"rotation":0,"texture":"#1761376a-a6e6-737a-caa7-754b8815f038","tintindex":0},"east":{"uv":[10.25,0.5,10.5,1.0],"rotation":0,"texture":"#1761376a-a6e6-737a-caa7-754b8815f038","tintindex":0},"north":{"uv":[10.25,0.0,10.5,0.5],"rotation":0,"texture":"#1761376a-a6e6-737a-caa7-754b8815f038","tintindex":0},"south":{"uv":[10.25,1.0,10.5,1.5],"rotation":0,"texture":"#1761376a-a6e6-737a-caa7-754b8815f038","tintindex":0},"up":{"uv":[10.75,6.75,10.5,6.5],"rotation":0,"texture":"#1761376a-a6e6-737a-caa7-754b8815f038","tintindex":0},"west":{"uv":[10.25,1.5,10.5,2.0],"rotation":0,"texture":"#1761376a-a6e6-737a-caa7-754b8815f038","tintindex":0}}},{"name":"cube","from":[7.9067855,9.240517,5.599801],"to":[8.1107855,10.056517,5.779801],"rotation":{"angle":45.0,"axis":"x","origin":[8.068786,7.4499373,7.9964523]},"faces":{"down":{"uv":[10.5,7.25,10.75,7.5],"rotation":0,"texture":"#1761376a-a6e6-737a-caa7-754b8815f038","tintindex":0},"east":{"uv":[10.25,2.5,10.5,3.0],"rotation":0,"texture":"#1761376a-a6e6-737a-caa7-754b8815f038","tintindex":0},"north":{"uv":[10.25,2.0,10.5,2.5],"rotation":0,"texture":"#1761376a-a6e6-737a-caa7-754b8815f038","tintindex":0},"south":{"uv":[10.25,3.0,10.5,3.5],"rotation":0,"texture":"#1761376a-a6e6-737a-caa7-754b8815f038","tintindex":0},"up":{"uv":[10.75,7.25,10.5,7.0],"rotation":0,"texture":"#1761376a-a6e6-737a-caa7-754b8815f038","tintindex":0},"west":{"uv":[10.25,3.5,10.5,4.0],"rotation":0,"texture":"#1761376a-a6e6-737a-caa7-754b8815f038","tintindex":0}}},{"name":"cube","from":[7.918786,8.194853,5.9075613],"to":[8.098785,9.334852,6.087561],"rotation":{"angle":22.5,"axis":"x","origin":[8.068786,7.4499373,7.9964523]},"faces":{"down":{"uv":[10.5,8.75,10.75,9.0],"rotation":0,"texture":"#1761376a-a6e6-737a-caa7-754b8815f038","tintindex":0},"east":{"uv":[10.25,8.5,10.5,9.0],"rotation":0,"texture":"#1761376a-a6e6-737a-caa7-754b8815f038","tintindex":0},"north":{"uv":[10.25,8.0,10.5,8.5],"rotation":0,"texture":"#1761376a-a6e6-737a-caa7-754b8815f038","tintindex":0},"south":{"uv":[10.25,9.25,10.5,9.75],"rotation":0,"texture":"#1761376a-a6e6-737a-caa7-754b8815f038","tintindex":0},"up":{"uv":[10.75,8.75,10.5,8.5],"rotation":0,"texture":"#1761376a-a6e6-737a-caa7-754b8815f038","tintindex":0},"west":{"uv":[0.0,10.5,0.25,11.0],"rotation":0,"texture":"#1761376a-a6e6-737a-caa7-754b8815f038","tintindex":0}}},{"name":"cube","from":[7.918786,8.889254,7.1136312],"to":[8.098785,10.029255,7.2936316],"rotation":{"angle":22.5,"axis":"x","origin":[8.068786,7.4499373,7.9964523]},"faces":{"down":{"uv":[10.5,8.25,10.75,8.5],"rotation":0,"texture":"#1761376a-a6e6-737a-caa7-754b8815f038","tintindex":0},"east":{"uv":[10.25,6.5,10.5,7.0],"rotation":0,"texture":"#1761376a-a6e6-737a-caa7-754b8815f038","tintindex":0},"north":{"uv":[10.25,6.0,10.5,6.5],"rotation":0,"texture":"#1761376a-a6e6-737a-caa7-754b8815f038","tintindex":0},"south":{"uv":[10.25,7.0,10.5,7.5],"rotation":0,"texture":"#1761376a-a6e6-737a-caa7-754b8815f038","tintindex":0},"up":{"uv":[10.75,8.25,10.5,8.0],"rotation":0,"texture":"#1761376a-a6e6-737a-caa7-754b8815f038","tintindex":0},"west":{"uv":[10.25,7.5,10.5,8.0],"rotation":0,"texture":"#1761376a-a6e6-737a-caa7-754b8815f038","tintindex":0}}},{"name":"cube","from":[7.8947854,9.453722,6.188601],"to":[8.074786,10.593721,6.368601],"rotation":{"angle":45.0,"axis":"x","origin":[8.068786,7.4499373,7.9964523]},"faces":{"down":{"uv":[10.5,7.75,10.75,8.0],"rotation":0,"texture":"#1761376a-a6e6-737a-caa7-754b8815f038","tintindex":0},"east":{"uv":[10.25,4.5,10.5,5.0],"rotation":0,"texture":"#1761376a-a6e6-737a-caa7-754b8815f038","tintindex":0},"north":{"uv":[10.25,4.0,10.5,4.5],"rotation":0,"texture":"#1761376a-a6e6-737a-caa7-754b8815f038","tintindex":0},"south":{"uv":[10.25,5.0,10.5,5.5],"rotation":0,"texture":"#1761376a-a6e6-737a-caa7-754b8815f038","tintindex":0},"up":{"uv":[10.75,7.75,10.5,7.5],"rotation":0,"texture":"#1761376a-a6e6-737a-caa7-754b8815f038","tintindex":0},"west":{"uv":[10.25,5.5,10.5,6.0],"rotation":0,"texture":"#1761376a-a6e6-737a-caa7-754b8815f038","tintindex":0}}},{"name":"cube","from":[7.6937857,8.786114,6.383971],"to":[8.3537855,9.086114,7.163971],"rotation":{"angle":-22.5,"axis":"x","origin":[8.068786,7.4499373,7.9964523]},"faces":{"down":{"uv":[10.5,0.25,10.75,0.5],"rotation":0,"texture":"#1761376a-a6e6-737a-caa7-754b8815f038","tintindex":0},"east":{"uv":[9.0,10.5,9.25,10.75],"rotation":0,"texture":"#1761376a-a6e6-737a-caa7-754b8815f038","tintindex":0},"north":{"uv":[8.75,10.5,9.0,10.75],"rotation":0,"texture":"#1761376a-a6e6-737a-caa7-754b8815f038","tintindex":0},"south":{"uv":[9.5,10.5,9.75,10.75],"rotation":0,"texture":"#1761376a-a6e6-737a-caa7-754b8815f038","tintindex":0},"up":{"uv":[10.75,0.25,10.5,0.0],"rotation":0,"texture":"#1761376a-a6e6-737a-caa7-754b8815f038","tintindex":0},"west":{"uv":[10.5,10.5,10.75,10.75],"rotation":0,"texture":"#1761376a-a6e6-737a-caa7-754b8815f038","tintindex":0}}},{"name":"cube","from":[7.7537856,8.688951,5.609166],"to":[8.173786,8.80895,7.0491657],"rotation":{"angle":-22.5,"axis":"x","origin":[8.068786,7.4499373,7.9964523]},"faces":{"down":{"uv":[4.0,10.25,4.25,10.75],"rotation":0,