{"file_name":"legl","texture_size":[64,64],"textures":{"1761376a-a6e6-737a-caa7-754b8815f038":"modelengine:entity/phoenix"},"elements":[{"name":"cube","from":[7.5131054,6.3525753,7.2913756],"to":[8.413105,8.812575,9.631376],"rotation":{"angle":22.5,"axis":"x","origin":[7.9661055,8.145145,8.463192]},"faces":{"down":{"uv":[0.0,8.25,0.5,9.25],"rotation":0,"texture":"#1761376a-a6e6-737a-caa7-754b8815f038","tintindex":0},"east":{"uv":[7.0,3.0,8.0,4.0],"rotation":0,"texture":"#1761376a-a6e6-737a-caa7-754b8815f038","tintindex":0},"north":{"uv":[8.0,1.0,8.5,2.0],"rotation":0,"texture":"#1761376a-a6e6-737a-caa7-754b8815f038","tintindex":0},"south":{"uv":[8.0,3.0,8.5,4.0],"rotation":0,"texture":"#1761376a-a6e6-737a-caa7-754b8815f038","tintindex":0},"up":{"uv":[8.5,6.0,8.0,5.0],"rotation":0,"texture":"#1761376a-a6e6-737a-caa7-754b8815f038","tintindex":0},"west":{"uv":[7.0,5.0,8.0,6.0],"rotation":0,"texture":"#1761376a-a6e6-737a-caa7-754b8815f038","tintindex":0}}},{"name":"cube","from":[7.7291055,4.4278464,7.4650397],"to":[8.2091055,7.0678463,7.9450393],"rotation":{"angle":-22.5,"axis":"x","origin":[7.9661055,8.145145,8.463192]},"faces":{"down":{"uv":[9.75,5.25,10.0,5.5],"rotation":0,"texture":"#1761376a-a6e6-737a-caa7-754b8815f038","tintindex":0},"east":{"uv":[1.5,7.25,1.75,8.25],"rotation":0,"texture":"#1761376a-a6e6-737a-caa7-754b8815f038","tintindex":0},"north":{"uv":[1.75,5.25,2.0,6.25],"rotation":0,"texture":"#1761376a-a6e6-737a-caa7-754b8815f038","tintindex":0},"south":{"uv":[0.5,9.25,0.75,10.25],"rotation":0,"texture":"#1761376a-a6e6-737a-caa7-754b8815f038","tintindex":0},"up":{"uv":[9.5,9.25,9.25,9.0],"rotation":0,"texture":"#1761376a-a6e6-737a-caa7-754b8815f038","tintindex":0},"west":{"uv":[0.75,9.25,1.0,10.25],"rotation":0,"texture":"#1761376a-a6e6-737a-caa7-754b8815f038","tintindex":0}}}],"display":{"head":{"translation":[0.0,-6.4,0.0],"rotation":[0.0,0.0,0.0],"scale":[3.8095,3.8095,3.8095]},"gui":{"translation":[0.0,0.0,0.0],"rotation":[35.0,225.0,0.0],"scale":[0.625,0.625,0.625]}}}