{"file_name":"legr","texture_size":[64,64],"textures":{"1761376a-a6e6-737a-caa7-754b8815f038":"modelengine:entity/phoenix"},"elements":[{"name":"cube","from":[7.5941057,6.4006996,7.1236773],"to":[8.374105,8.8607,9.463676],"rotation":{"angle":22.5,"axis":"x","origin":[7.9811053,8.049145,8.355192]},"faces":{"down":{"uv":[6.75,8.25,7.25,9.25],"rotation":0,"texture":"#1761376a-a6e6-737a-caa7-754b8815f038","tintindex":0},"east":{"uv":[0.0,7.25,1.0,8.25],"rotation":0,"texture":"#1761376a-a6e6-737a-caa7-754b8815f038","tintindex":0},"north":{"uv":[0.5,8.25,1.0,9.25],"rotation":0,"texture":"#1761376a-a6e6-737a-caa7-754b8815f038","tintindex":0},"south":{"uv":[1.5,8.25,2.0,9.25],"rotation":0,"texture":"#1761376a-a6e6-737a-caa7-754b8815f038","tintindex":0},"up":{"uv":[2.5,9.25,2.0,8.25],"rotation":0,"texture":"#1761376a-a6e6-737a-caa7-754b8815f038","tintindex":0},"west":{"uv":[2.75,7.5,3.75,8.5],"rotation":0,"texture":"#1761376a-a6e6-737a-caa7-754b8815f038","tintindex":0}}},{"name":"cube","from":[7.7381053,4.475971,7.416738],"to":[8.218105,7.1159716,7.896738],"rotation":{"angle":-22.5,"axis":"x","origin":[7.9811053,8.049145,8.355192]},"faces":{"down":{"uv":[10.5,4.25,10.75,4.5],"rotation":0,"texture":"#1761376a-a6e6-737a-caa7-754b8815f038","tintindex":0},"east":{"uv":[5.0,9.25,5.25,10.25],"rotation":0,"texture":"#1761376a-a6e6-737a-caa7-754b8815f038","tintindex":0},"north":{"uv":[4.75,9.25,5.0,10.25],"rotation":0,"texture":"#1761376a-a6e6-737a-caa7-754b8815f038","tintindex":0},"south":{"uv":[5.25,9.25,5.5,10.25],"rotation":0,"texture":"#1761376a-a6e6-737a-caa7-754b8815f038","tintindex":0},"up":{"uv":[10.75,4.25,10.5,4.0],"rotation":0,"texture":"#1761376a-a6e6-737a-caa7-754b8815f038","tintindex":0},"west":{"uv":[5.5,9.25,5.75,10.25],"rotation":0,"texture":"#1761376a-a6e6-737a-caa7-754b8815f038","tintindex":0}}}],"display":{"head":{"translation":[0.0,-6.4,0.0],"rotation":[0.0,0.0,0.0],"scale":[3.8095,3.8095,3.8095]},"gui":{"translation":[0.0,0.0,0.0],"rotation":[35.0,225.0,0.0],"scale":[0.625,0.625,0.625]}}}