{"file_name":"tail1","texture_size":[64,64],"textures":{"1761376a-a6e6-737a-caa7-754b8815f038":"modelengine:entity/phoenix"},"elements":[{"name":"cube","from":[6.8543024,7.8413267,6.32446],"to":[9.194303,8.441326,11.784461],"rotation":{"angle":22.5,"axis":"x","origin":[7.990303,8.50062,7.9005775]},"faces":{"down":{"uv":[4.0,0.0,5.0,2.25],"rotation":0,"texture":"#1761376a-a6e6-737a-caa7-754b8815f038","tintindex":0},"east":{"uv":[7.0,4.0,9.25,4.25],"rotation":0,"texture":"#1761376a-a6e6-737a-caa7-754b8815f038","tintindex":0},"north":{"uv":[5.0,2.0,6.0,2.25],"rotation":0,"texture":"#1761376a-a6e6-737a-caa7-754b8815f038","tintindex":0},"south":{"uv":[6.0,3.0,7.0,3.25],"rotation":0,"texture":"#1761376a-a6e6-737a-caa7-754b8815f038","tintindex":0},"up":{"uv":[5.0,6.25,4.0,4.0],"rotation":0,"texture":"#1761376a-a6e6-737a-caa7-754b8815f038","tintindex":0},"west":{"uv":[7.75,2.75,10.0,3.0],"rotation":0,"texture":"#1761376a-a6e6-737a-caa7-754b8815f038","tintindex":0}}},{"name":"cube","from":[6.5543027,8.366446,7.793247],"to":[9.494303,8.966446,10.073248],"rotation":{"angle":22.5,"axis":"x","origin":[7.990303,8.50062,7.9005775]},"faces":{"down":{"uv":[7.0,0.0,8.25,1.0],"rotation":0,"texture":"#1761376a-a6e6-737a-caa7-754b8815f038","tintindex":0},"east":{"uv":[8.5,7.25,9.5,7.5],"rotation":0,"texture":"#1761376a-a6e6-737a-caa7-754b8815f038","tintindex":0},"north":{"uv":[8.5,3.25,9.75,3.5],"rotation":0,"texture":"#1761376a-a6e6-737a-caa7-754b8815f038","tintindex":0},"south":{"uv":[8.5,3.5,9.75,3.75],"rotation":0,"texture":"#1761376a-a6e6-737a-caa7-754b8815f038","tintindex":0},"up":{"uv":[5.75,8.0,4.5,7.0],"rotation":0,"texture":"#1761376a-a6e6-737a-caa7-754b8815f038","tintindex":0},"west":{"uv":[8.75,0.0,9.75,0.25],"rotation":0,"texture":"#1761376a-a6e6-737a-caa7-754b8815f038","tintindex":0}}},{"name":"cube","from":[6.6743026,8.017058,11.544331],"to":[7.1543026,8.377059,13.82433],"rotation":{"angle":22.5,"axis":"x","origin":[7.990303,8.50062,7.9005775]},"faces":{"down":{"uv":[9.25,4.0,9.5,5.0],"rotation":0,"texture":"#1761376a-a6e6-737a-caa7-754b8815f038","tintindex":0},"east":{"uv":[8.75,0.25,9.75,0.5],"rotation":0,"texture":"#1761376a-a6e6-737a-caa7-754b8815f038","tintindex":0},"north":{"uv":[10.5,9.0,10.75,9.25],"rotation":0,"texture":"#1761376a-a6e6-737a-caa7-754b8815f038","tintindex":0},"south":{"uv":[10.5,9.25,10.75,9.5],"rotation":0,"texture":"#1761376a-a6e6-737a-caa7-754b8815f038","tintindex":0},"up":{"uv":[9.5,10.25,9.25,9.25],"rotation":0,"texture":"#1761376a-a6e6-737a-caa7-754b8815f038","tintindex":0},"west":{"uv":[8.75,0.5,9.75,0.75],"rotation":0,"texture":"#1761376a-a6e6-737a-caa7-754b8815f038","tintindex":0}}},{"name":"cube","from":[7.694303,8.017058,11.544331],"to":[8.174303,8.377059,13.82433],"rotation":{"angle":22.5,"axis":"x","origin":[7.990303,8.50062,7.9005775]},"faces":{"down":{"uv":[9.75,0.0,10.0,1.0],"rotation":0,"texture":"#1761376a-a6e6-737a-caa7-754b8815f038","tintindex":0},"east":{"uv":[8.75,2.5,9.75,2.75],"rotation":0,"texture":"#1761376a-a6e6-737a-caa7-754b8815f038","tintindex":0},"north":{"uv":[10.5,10.25,10.75,10.5],"rotation":0,"texture":"#1761376a-a6e6-737a-caa7-754b8815f038","tintindex":0},"south":{"uv":[0.5,10.75,0.75,11.0],"rotation":0,"texture":"#1761376a-a6e6-737a-caa7-754b8815f038","tintindex":0},"up":{"uv":[10.0,10.75,9.75,9.75],"rotation":0,"texture":"#1761376a-a6e6-737a-caa7-754b8815f038","tintindex":0},"west":{"uv":[9.0,5.5,10.0,5.75],"rotation":0,"texture":"#1761376a-a6e6-737a-caa7-754b8815f038","tintindex":0}}},{"name":"cube","from":[6.584303,8.178157,8.400751],"to":[9.476303,8.178157,14.268751],"rotation":{"angle":22.5,"axis":"x","origin":[7.990303,8.50062,7.9005775]},"faces":{"down":{"uv":[2.0,2.0,4.0,4.25],"rotation":0,"texture":"#1761376a-a6e6-737a-caa7-754b8815f038","tintindex":0},"east":{"uv":[0.0,0.0,2.25,0.0],"rotation":0,"texture":"#1761376a-a6e6-737a-caa7-754b8815f038","tintindex":0},"north":{"uv":[0.0,0.0,2.0,0.0],"rotation":0,"texture":"#1761376a-a6e6-737a-caa7-754b8815f038","tintindex":0},"south":{"uv":[0.0,0.0,2.0,0.0],"rotation":0,"texture":"#1761376a-a6e6-737a-caa7-754b8815f038","tintindex":0},"up":{"uv":[1.58,2.445,0.375,0.0],"rotation":0,"texture":"#1761376a-a6e6-737a-caa7-754b8815f038","tintindex":0},"west":{"uv":[0.0,0.0,2.25,0.0],"rotation":0,"texture":"#1761376a-a6e6-737a-caa7-754b8815f038","tintindex":0}}},{"name":"cube","from":[8.834303,8.017058,11.544331],"to":[9.314302,8.377059,13.82433],"rotation":{"angle":22.5,"axis":"x","origin":[7.990303,8.50062,7.9005775]},"faces":{"down":{"uv":[9.75,4.25,10.0,5.25],"rotation":0,"texture":"#1761376a-a6e6-737a-caa7-754b8815f038","tintindex":0},"east":{"uv":[9.0,6.75,10.0,7.0],"rotation":0,"texture":"#1761376a-a6e6-737a-caa7-754b8815f038","tintindex":0},"north":{"uv":[0.75,10.75,1.0,11.0],"rotation":0,"texture":"#1761376a-a6e6-737a-caa7-754b8815f038","tintindex":0},"south":{"uv":[1.0,10.75,1.25,11.0],"rotation":0,"texture":"#1761376a-a6e6-737a-caa7-754b8815f038","tintindex":0},"up":{"uv":[10.0,4.25,9.75,3.25],"rotation":0,"texture":"#1761376a-a6e6-737a-caa7-754b8815f038","tintindex":0},"west":{"uv":[9.0,7.0,10.0,7.25],"rotation":0,"texture":"#1761376a-a6e6-737a-caa7-754b8815f038","tintindex":0}}}],"display":{"head":{"translation":[0.0,-6.4,0.0],"rotation":[0.0,0.0,0.0],"scale":[3.8095,3.8095,3.8095]},"gui":{"translation":[0.0,0.0,0.0],"rotation":[35.0,225.0,0.0],"scale":[0.625,0.625,0.625]}}}