{"file_name":"wing1r","texture_size":[64,64],"textures":{"1761376a-a6e6-737a-caa7-754b8815f038":"modelengine:entity/phoenix"},"elements":[{"name":"cube","from":[8.187211,6.5119996,7.324091],"to":[8.727211,8.792,11.524092],"rotation":{"angle":0.0,"axis":"x","origin":[3.4472106,8.144,7.0960913]},"faces":{"down":{"uv":[4.0,8.5,4.25,10.25],"rotation":0,"texture":"#1761376a-a6e6-737a-caa7-754b8815f038","tintindex":0},"east":{"uv":[6.0,2.0,7.75,3.0],"rotation":0,"texture":"#1761376a-a6e6-737a-caa7-754b8815f038","tintindex":0},"north":{"uv":[10.0,2.0,10.25,3.0],"rotation":0,"texture":"#1761376a-a6e6-737a-caa7-754b8815f038","tintindex":0},"south":{"uv":[10.0,3.0,10.25,4.0],"rotation":0,"texture":"#1761376a-a6e6-737a-caa7-754b8815f038","tintindex":0},"up":{"uv":[4.0,10.25,3.75,8.5],"rotation":0,"texture":"#1761376a-a6e6-737a-caa7-754b8815f038","tintindex":0},"west":{"uv":[0.0,6.25,1.75,7.25],"rotation":0,"texture":"#1761376a-a6e6-737a-caa7-754b8815f038","tintindex":0}}},{"name":"cube","from":[7.587211,6.932,7.084091],"to":[8.2472105,8.972,11.104092],"rotation":{"angle":0.0,"axis":"x","origin":[2.8472104,13.172,12.124091]},"faces":{"down":{"uv":[4.5,8.5,4.75,10.25],"rotation":0,"texture":"#1761376a-a6e6-737a-caa7-754b8815f038","tintindex":0},"east":{"uv":[6.75,6.75,8.5,7.5],"rotation":0,"texture":"#1761376a-a6e6-737a-caa7-754b8815f038","tintindex":0},"north":{"uv":[10.0,5.5,10.25,6.25],"rotation":0,"texture":"#1761376a-a6e6-737a-caa7-754b8815f038","tintindex":0},"south":{"uv":[10.0,6.25,10.25,7.0],"rotation":0,"texture":"#1761376a-a6e6-737a-caa7-754b8815f038","tintindex":0},"up":{"uv":[4.5,10.25,4.25,8.5],"rotation":0,"texture":"#1761376a-a6e6-737a-caa7-754b8815f038","tintindex":0},"west":{"uv":[6.75,4.25,8.5,5.0],"rotation":0,"texture":"#1761376a-a6e6-737a-caa7-754b8815f038","tintindex":0}}}],"display":{"head":{"translation":[0.0,-6.4,0.0],"rotation":[0.0,0.0,0.0],"scale":[3.8095,3.8095,3.8095]},"gui":{"translation":[0.0,0.0,0.0],"rotation":[35.0,225.0,0.0],"scale":[0.625,0.625,0.625]}}}