{
  "file_name": "lb",
  "texture_size": [
    16,
    16
  ],
  "textures": {
    "layer0": "modelengine:entity/turtle"
  },
  "elements": [
    {
      "name": "lb_0",
      "from": [
        7.638326,
        7.88681,
        7.6667657
      ],
      "to": [
        8.555606,
        8.11319,
        9.251426
      ],
      "rotation": {
        "angle": 45.0,
        "axis": "y",
        "origin": [
          8.15,
          8.0,
          8.3
        ]
      },
      "faces": {
        "down": {
          "uv": [
            13.0,
            11.0,
            11.0,
            14.0
          ],
          "texture": "#layer0",
          "tintindex": 0
        },
        "east": {
          "uv": [
            1.0,
            11.375,
            2.3474998,
            11.5675
          ],
          "texture": "#layer0",
          "tintindex": 0
        },
        "north": {
          "uv": [
            1.5,
            10.5,
            2.28,
            10.6925
          ],
          "texture": "#layer0",
          "tintindex": 0
        },
        "south": {
          "uv": [
            2.905,
            10.625,
            2.125,
            10.8175
          ],
          "texture": "#layer0",
          "tintindex": 0
        },
        "up": {
          "uv": [
            1.5000001,
            11.5,
            2.8475,
            12.28
          ],
          "texture": "#layer0",
          "tintindex": 0
        },
        "west": {
          "uv": [
            2.125,
            10.625,
            3.4724998,
            10.8175
          ],
          "texture": "#layer0",
          "tintindex": 0
        }
      }
    }
  ],
  "display": {
    "head": {
      "translation": [
        0.0,
        -6.4,
        0.0
      ],
      "rotation": [
        0.0,
        0.0,
        0.0
      ],
      "scale": [
        3.8095,
        3.8095,
        3.8095
      ]
    },
    "gui": {
      "translation": [
        0.0,
        0.0,
        0.0
      ],
      "rotation": [
        35.0,
        225.0,
        0.0
      ],
      "scale": [
        0.625,
        0.625,
        0.625
      ]
    }
  }
}