{"file_name":"blarm","texture_size":[64,64],"textures":{"069c504d-d254-84b0-916a-efa51ab04681":"modelengine:entity/salamandra"},"elements":[{"name":"blarm","from":[7.175618,7.85,7.7846184],"to":[8.075618,8.225,8.234618],"rotation":{"angle":22.5,"axis":"y","origin":[7.944776,7.9294763,8.04284]},"faces":{"down":{"uv":[0.0,8.5,0.375,8.6875],"rotation":0,"texture":"#069c504d-d254-84b0-916a-efa51ab04681","tintindex":0},"east":{"uv":[9.5,9.5,9.6875,9.6875],"rotation":0,"texture":"#069c504d-d254-84b0-916a-efa51ab04681","tintindex":0},"north":{"uv":[8.25,3.5,8.625,3.6875],"rotation":0,"texture":"#069c504d-d254-84b0-916a-efa51ab04681","tintindex":0},"south":{"uv":[8.25,5.75,8.625,5.9375],"rotation":0,"texture":"#069c504d-d254-84b0-916a-efa51ab04681","tintindex":0},"up":{"uv":[8.625,6.4375,8.25,6.25],"rotation":0,"texture":"#069c504d-d254-84b0-916a-efa51ab04681","tintindex":0},"west":{"uv":[9.5,0.0,9.6875,0.1875],"rotation":0,"texture":"#069c504d-d254-84b0-916a-efa51ab04681","tintindex":0}}},{"name":"blarm","from":[6.3441563,8.071358,8.064367],"to":[7.4691563,8.371358,8.514368],"rotation":{"angle":22.5,"axis":"z","origin":[7.944776,7.9294763,8.04284]},"faces":{"down":{"uv":[7.5,3.75,8.0,3.9375],"rotation":0,"texture":"#069c504d-d254-84b0-916a-efa51ab04681","tintindex":0},"east":{"uv":[7.0,9.75,7.1875,9.875],"rotation":0,"texture":"#069c504d-d254-84b0-916a-efa51ab04681","tintindex":0},"north":{"uv":[8.5,7.75,9.0,7.875],"rotation":0,"texture":"#069c504d-d254-84b0-916a-efa51ab04681","tintindex":0},"south":{"uv":[0.75,8.75,1.25,8.875],"rotation":0,"texture":"#069c504d-d254-84b0-916a-efa51ab04681","tintindex":0},"up":{"uv":[8.0,3.4375,7.5,3.25],"rotation":0,"texture":"#069c504d-d254-84b0-916a-efa51ab04681","tintindex":0},"west":{"uv":[7.5,9.75,7.6875,9.875],"rotation":0,"texture":"#069c504d-d254-84b0-916a-efa51ab04681","tintindex":0}}},{"name":"blarm","from":[5.998826,7.4,8.507498],"to":[6.673826,7.625,9.107498],"rotation":{"angle":-22.5,"axis":"y","origin":[7.944776,7.9294763,8.04284]},"faces":{"down":{"uv":[7.75,6.75,8.0625,7.0],"rotation":0,"texture":"#069c504d-d254-84b0-916a-efa51ab04681","tintindex":0},"east":{"uv":[9.5,3.5,9.75,3.625],"rotation":0,"texture":"#069c504d-d254-84b0-916a-efa51ab04681","tintindex":0},"north":{"uv":[7.5,9.25,7.8125,9.375],"rotation":0,"texture":"#069c504d-d254-84b0-916a-efa51ab04681","tintindex":0},"south":{"uv":[8.25,9.25,8.5625,9.375],"rotation":0,"texture":"#069c504d-d254-84b0-916a-efa51ab04681","tintindex":0},"up":{"uv":[8.0625,5.5,7.75,5.25],"rotation":0,"texture":"#069c504d-d254-84b0-916a-efa51ab04681","tintindex":0},"west":{"uv":[9.5,4.0,9.75,4.125],"rotation":0,"texture":"#069c504d-d254-84b0-916a-efa51ab04681","tintindex":0}}},{"name":"blarm","from":[6.2942123,7.3953123,8.25317],"to":[6.444212,7.5453124,8.62817],"rotation":{"angle":-22.5,"axis":"y","origin":[7.944776,7.9247885,8.04284]},"faces":{"down":{"uv":[3.5,10.5,3.5625,10.6875],"rotation":0,"texture":"#069c504d-d254-84b0-916a-efa51ab04681","tintindex":0},"east":{"uv":[8.5,10.25,8.6875,10.3125],"rotation":0,"texture":"#069c504d-d254-84b0-916a-efa51ab04681","tintindex":0},"north":{"uv":[3.5,11.0,3.5625,11.0625],"rotation":0,"texture":"#069c504d-d254-84b0-916a-efa51ab04681","tintindex":0},"south":{"uv":[4.0,11.0,4.0625,11.0625],"rotation":0,"texture":"#069c504d-d254-84b0-916a-efa51ab04681","tintindex":0},"up":{"uv":[10.3125,7.1875,10.25,7.0],"rotation":0,"texture":"#069c504d-d254-84b0-916a-efa51ab04681","tintindex":0},"west":{"uv":[10.25,6.5,10.4375,6.5625],"rotation":0,"texture":"#069c504d-d254-84b0-916a-efa51ab04681","tintindex":0}}},{"name":"blarm","from":[6.112322,7.3953123,6.86624],"to":[6.262322,7.5453124,7.24124],"rotation":{"angle":22.5,"axis":"y","origin":[7.944776,7.9247885,8.04284]},"faces":{"down":{"uv":[9.0,10.5,9.0625,10.6875],"rotation":0,"texture":"#069c504d-d254-84b0-916a-efa51ab04681","tintindex":0},"east":{"uv":[4.0,10.5,4.1875,10.5625],"rotation":0,"texture":"#069c504d-d254-84b0-916a-efa51ab04681","tintindex":0},"north":{"uv":[4.5,11.0,4.5625,11.0625],"rotation":0,"texture":"#069c504d-d254-84b0-916a-efa51ab04681","tintindex":0},"south":{"uv":[6.0,11.0,6.0625,11.0625],"rotation":0,"texture":"#069c504d-d254-84b0-916a-efa51ab04681","tintindex":0},"up":{"uv":[6.0625,10.6875,6.0,10.5],"rotation":0,"texture":"#069c504d-d254-84b0-916a-efa51ab04681","tintindex":0},"west":{"uv":[4.5,10.5,4.6875,10.5625],"rotation":0,"texture":"#069c504d-d254-84b0-916a-efa51ab04681","tintindex":0}}},{"name":"blarm","from":[5.712596,7.3953123,8.866472],"to":[6.087596,7.5453124,9.016472],"rotation":{"angle":-22.5,"axis":"y","origin":[7.944776,7.9247885,8.04284]},"faces":{"down":{"uv":[10.5,0.0,10.6875,0.0625],"rotation":0,"texture":"#069c504d-d254-84b0-916a-efa51ab04681","tintindex":0},"east":{"uv":[9.0,11.0,9.0625,11.0625],"rotation":0,"texture":"#069c504d-d254-84b0-916a-efa51ab04681","tintindex":0},"north":{"uv":[9.5,10.5,9.6875,10.5625],"rotation":0,"texture":"#069c504d-d254-84b0-916a-efa51ab04681","tintindex":0},"south":{"uv":[10.0,10.5,10.1875,10.5625],"rotation":0,"texture":"#069c504d-d254-84b0-916a-efa51ab04681","tintindex":0},"up":{"uv":[10.6875,10.5625,10.5,10.5],"rotation":0,"texture":"#069c504d-d254-84b0-916a-efa51ab04681","tintindex":0},"west":{"uv":[9.5,11.0,9.5625,11.0625],"rotation":0,"texture":"#069c504d-d254-84b0-916a-efa51ab04681","tintindex":0}}}],"display":{"head":{"translation":[0.0,-6.4,0.0],"rotation":[0.0,0.0,0.0],"scale":[3.8095,3.8095,3.8095]},"gui":{"translation":[0.0,0.0,0.0],"rotation":[35.0,225.0,0.0],"scale":[0.625,0.625,0.625]}}}