{"file_name":"brarm","texture_size":[64,64],"textures":{"069c504d-d254-84b0-916a-efa51ab04681":"modelengine:entity/salamandra"},"elements":[{"name":"brarm","from":[7.746296,7.85,7.857746],"to":[8.646296,8.225,8.307746],"rotation":{"angle":-22.5,"axis":"y","origin":[8.075,8.3,8.15]},"faces":{"down":{"uv":[5.25,8.5,5.625,8.6875],"rotation":0,"texture":"#069c504d-d254-84b0-916a-efa51ab04681","tintindex":0},"east":{"uv":[9.5,0.5,9.6875,0.6875],"rotation":0,"texture":"#069c504d-d254-84b0-916a-efa51ab04681","tintindex":0},"north":{"uv":[3.0,8.5,3.375,8.6875],"rotation":0,"texture":"#069c504d-d254-84b0-916a-efa51ab04681","tintindex":0},"south":{"uv":[3.75,8.5,4.125,8.6875],"rotation":0,"texture":"#069c504d-d254-84b0-916a-efa51ab04681","tintindex":0},"up":{"uv":[4.875,8.6875,4.5,8.5],"rotation":0,"texture":"#069c504d-d254-84b0-916a-efa51ab04681","tintindex":0},"west":{"uv":[9.5,1.0,9.6875,1.1875],"rotation":0,"texture":"#069c504d-d254-84b0-916a-efa51ab04681","tintindex":0}}},{"name":"brarm","from":[8.535561,8.03459,8.064367],"to":[9.660561,8.33459,8.514368],"rotation":{"angle":-22.5,"axis":"z","origin":[8.075,8.3,8.15]},"faces":{"down":{"uv":[7.5,6.25,8.0,6.4375],"rotation":0,"texture":"#069c504d-d254-84b0-916a-efa51ab04681","tintindex":0},"east":{"uv":[8.0,9.75,8.1875,9.875],"rotation":0,"texture":"#069c504d-d254-84b0-916a-efa51ab04681","tintindex":0},"north":{"uv":[1.5,8.75,2.0,8.875],"rotation":0,"texture":"#069c504d-d254-84b0-916a-efa51ab04681","tintindex":0},"south":{"uv":[2.25,8.75,2.75,8.875],"rotation":0,"texture":"#069c504d-d254-84b0-916a-efa51ab04681","tintindex":0},"up":{"uv":[8.0,5.9375,7.5,5.75],"rotation":0,"texture":"#069c504d-d254-84b0-916a-efa51ab04681","tintindex":0},"west":{"uv":[8.5,9.75,8.6875,9.875],"rotation":0,"texture":"#069c504d-d254-84b0-916a-efa51ab04681","tintindex":0}}},{"name":"brarm","from":[9.160814,7.4,8.421986],"to":[9.835814,7.625,9.021986],"rotation":{"angle":22.5,"axis":"y","origin":[8.075,8.3,8.15]},"faces":{"down":{"uv":[0.0,8.0,0.3125,8.25],"rotation":0,"texture":"#069c504d-d254-84b0-916a-efa51ab04681","tintindex":0},"east":{"uv":[9.5,8.0,9.75,8.125],"rotation":0,"texture":"#069c504d-d254-84b0-916a-efa51ab04681","tintindex":0},"north":{"uv":[9.25,4.5,9.5625,4.625],"rotation":0,"texture":"#069c504d-d254-84b0-916a-efa51ab04681","tintindex":0},"south":{"uv":[9.25,5.0,9.5625,5.125],"rotation":0,"texture":"#069c504d-d254-84b0-916a-efa51ab04681","tintindex":0},"up":{"uv":[8.0625,7.5,7.75,7.25],"rotation":0,"texture":"#069c504d-d254-84b0-916a-efa51ab04681","tintindex":0},"west":{"uv":[9.5,8.5,9.75,8.625],"rotation":0,"texture":"#069c504d-d254-84b0-916a-efa51ab04681","tintindex":0}}},{"name":"brarm","from":[9.747044,7.3929687,8.78096],"to":[10.122044,7.5429688,8.93096],"rotation":{"angle":22.5,"axis":"y","origin":[8.075,8.292969,8.15]},"faces":{"down":{"uv":[10.5,2.0,10.6875,2.0625],"rotation":0,"texture":"#069c504d-d254-84b0-916a-efa51ab04681","tintindex":0},"east":{"uv":[10.0,11.0,10.0625,11.0625],"rotation":0,"texture":"#069c504d-d254-84b0-916a-efa51ab04681","tintindex":0},"north":{"uv":[10.5,0.5,10.6875,0.5625],"rotation":0,"texture":"#069c504d-d254-84b0-916a-efa51ab04681","tintindex":0},"south":{"uv":[10.5,1.0,10.6875,1.0625],"rotation":0,"texture":"#069c504d-d254-84b0-916a-efa51ab04681","tintindex":0},"up":{"uv":[10.6875,1.5625,10.5,1.5],"rotation":0,"texture":"#069c504d-d254-84b0-916a-efa51ab04681","tintindex":0},"west":{"uv":[10.5,11.0,10.5625,11.0625],"rotation":0,"texture":"#069c504d-d254-84b0-916a-efa51ab04681","tintindex":0}}},{"name":"brarm","from":[9.490304,7.3929687,6.968072],"to":[9.640305,7.5429688,7.343072],"rotation":{"angle":-22.5,"axis":"y","origin":[8.075,8.292969,8.15]},"faces":{"down":{"uv":[10.5,4.0,10.5625,4.1875],"rotation":0,"texture":"#069c504d-d254-84b0-916a-efa51ab04681","tintindex":0},"east":{"uv":[10.5,2.5,10.6875,2.5625],"rotation":0,"texture":"#069c504d-d254-84b0-916a-efa51ab04681","tintindex":0},"north":{"uv":[11.0,11.0,11.0625,11.0625],"rotation":0,"texture":"#069c504d-d254-84b0-916a-efa51ab04681","tintindex":0},"south":{"uv":[11.0,0.0,11.0625,0.0625],"rotation":0,"texture":"#069c504d-d254-84b0-916a-efa51ab04681","tintindex":0},"up":{"uv":[10.5625,3.6875,10.5,3.5],"rotation":0,"texture":"#069c504d-d254-84b0-916a-efa51ab04681","tintindex":0},"west":{"uv":[10.5,3.0,10.6875,3.0625],"rotation":0,"texture":"#069c504d-d254-84b0-916a-efa51ab04681","tintindex":0}}},{"name":"brarm","from":[9.390429,7.3929687,8.167658],"to":[9.540428,7.5429688,8.542658],"rotation":{"angle":22.5,"axis":"y","origin":[8.075,8.292969,8.15]},"faces":{"down":{"uv":[10.5,6.0,10.5625,6.1875],"rotation":0,"texture":"#069c504d-d254-84b0-916a-efa51ab04681","tintindex":0},"east":{"uv":[10.5,4.5,10.6875,4.5625],"rotation":0,"texture":"#069c504d-d254-84b0-916a-efa51ab04681","tintindex":0},"north":{"uv":[11.0,0.5,11.0625,0.5625],"rotation":0,"texture":"#069c504d-d254-84b0-916a-efa51ab04681","tintindex":0},"south":{"uv":[11.0,1.0,11.0625,1.0625],"rotation":0,"texture":"#069c504d-d254-84b0-916a-efa51ab04681","tintindex":0},"up":{"uv":[10.5625,5.6875,10.5,5.5],"rotation":0,"texture":"#069c504d-d254-84b0-916a-efa51ab04681","tintindex":0},"west":{"uv":[10.5,5.0,10.6875,5.0625],"rotation":0,"texture":"#069c504d-d254-84b0-916a-efa51ab04681","tintindex":0}}}],"display":{"head":{"translation":[0.0,-6.4,0.0],"rotation":[0.0,0.0,0.0],"scale":[3.8095,3.8095,3.8095]},"gui":{"translation":[0.0,0.0,0.0],"rotation":[35.0,225.0,0.0],"scale":[0.625,0.625,0.625]}}}