{"file_name":"flarm","texture_size":[64,64],"textures":{"069c504d-d254-84b0-916a-efa51ab04681":"modelengine:entity/salamandra"},"elements":[{"name":"flarm","from":[7.175618,7.625,7.859618],"to":[8.075618,8.0,8.309618],"rotation":{"angle":22.5,"axis":"y","origin":[7.944776,7.704476,8.11784]},"faces":{"down":{"uv":[8.25,3.0,8.625,3.1875],"rotation":0,"texture":"#069c504d-d254-84b0-916a-efa51ab04681","tintindex":0},"east":{"uv":[6.0,9.5,6.1875,9.6875],"rotation":0,"texture":"#069c504d-d254-84b0-916a-efa51ab04681","tintindex":0},"north":{"uv":[8.0,8.25,8.375,8.4375],"rotation":0,"texture":"#069c504d-d254-84b0-916a-efa51ab04681","tintindex":0},"south":{"uv":[8.25,0.5,8.625,0.6875],"rotation":0,"texture":"#069c504d-d254-84b0-916a-efa51ab04681","tintindex":0},"up":{"uv":[8.625,2.6875,8.25,2.5],"rotation":0,"texture":"#069c504d-d254-84b0-916a-efa51ab04681","tintindex":0},"west":{"uv":[9.0,9.5,9.1875,9.6875],"rotation":0,"texture":"#069c504d-d254-84b0-916a-efa51ab04681","tintindex":0}}},{"name":"flarm","from":[6.3441563,7.846352,8.139368],"to":[7.4691563,8.146352,8.589368],"rotation":{"angle":22.5,"axis":"z","origin":[7.944776,7.704476,8.11784]},"faces":{"down":{"uv":[7.5,2.75,8.0,2.9375],"rotation":0,"texture":"#069c504d-d254-84b0-916a-efa51ab04681","tintindex":0},"east":{"uv":[5.5,9.75,5.6875,9.875],"rotation":0,"texture":"#069c504d-d254-84b0-916a-efa51ab04681","tintindex":0},"north":{"uv":[8.5,6.75,9.0,6.875],"rotation":0,"texture":"#069c504d-d254-84b0-916a-efa51ab04681","tintindex":0},"south":{"uv":[8.5,7.25,9.0,7.375],"rotation":0,"texture":"#069c504d-d254-84b0-916a-efa51ab04681","tintindex":0},"up":{"uv":[7.5,7.6875,7.0,7.5],"rotation":0,"texture":"#069c504d-d254-84b0-916a-efa51ab04681","tintindex":0},"west":{"uv":[6.5,9.75,6.6875,9.875],"rotation":0,"texture":"#069c504d-d254-84b0-916a-efa51ab04681","tintindex":0}}},{"name":"flarm","from":[5.998826,7.175,8.582504],"to":[6.673826,7.4,9.182505],"rotation":{"angle":-22.5,"axis":"y","origin":[7.944776,7.704476,8.11784]},"faces":{"down":{"uv":[7.75,4.75,8.0625,5.0],"rotation":0,"texture":"#069c504d-d254-84b0-916a-efa51ab04681","tintindex":0},"east":{"uv":[9.5,2.5,9.75,2.625],"rotation":0,"texture":"#069c504d-d254-84b0-916a-efa51ab04681","tintindex":0},"north":{"uv":[2.0,9.25,2.3125,9.375],"rotation":0,"texture":"#069c504d-d254-84b0-916a-efa51ab04681","tintindex":0},"south":{"uv":[6.75,9.25,7.0625,9.375],"rotation":0,"texture":"#069c504d-d254-84b0-916a-efa51ab04681","tintindex":0},"up":{"uv":[8.0625,4.5,7.75,4.25],"rotation":0,"texture":"#069c504d-d254-84b0-916a-efa51ab04681","tintindex":0},"west":{"uv":[9.5,3.0,9.75,3.125],"rotation":0,"texture":"#069c504d-d254-84b0-916a-efa51ab04681","tintindex":0}}},{"name":"flarm","from":[6.2942123,7.1703124,8.3281765],"to":[6.444212,7.3203125,8.7031765],"rotation":{"angle":-22.5,"axis":"y","origin":[7.944776,7.6997886,8.11784]},"faces":{"down":{"uv":[2.0,10.25,2.0625,10.4375],"rotation":0,"texture":"#069c504d-d254-84b0-916a-efa51ab04681","tintindex":0},"east":{"uv":[0.5,10.25,0.6875,10.3125],"rotation":0,"texture":"#069c504d-d254-84b0-916a-efa51ab04681","tintindex":0},"north":{"uv":[7.0,10.75,7.0625,10.8125],"rotation":0,"texture":"#069c504d-d254-84b0-916a-efa51ab04681","tintindex":0},"south":{"uv":[7.5,10.75,7.5625,10.8125],"rotation":0,"texture":"#069c504d-d254-84b0-916a-efa51ab04681","tintindex":0},"up":{"uv":[1.5625,10.4375,1.5,10.25],"rotation":0,"texture":"#069c504d-d254-84b0-916a-efa51ab04681","tintindex":0},"west":{"uv":[1.0,10.25,1.1875,10.3125],"rotation":0,"texture":"#069c504d-d254-84b0-916a-efa51ab04681","tintindex":0}}},{"name":"flarm","from":[6.112316,7.1703124,6.9412403],"to":[6.2623158,7.3203125,7.3162403],"rotation":{"angle":22.5,"axis":"y","origin":[7.944776,7.6997886,8.11784]},"faces":{"down":{"uv":[5.5,10.25,5.5625,10.4375],"rotation":0,"texture":"#069c504d-d254-84b0-916a-efa51ab04681","tintindex":0},"east":{"uv":[2.5,10.25,2.6875,10.3125],"rotation":0,"texture":"#069c504d-d254-84b0-916a-efa51ab04681","tintindex":0},"north":{"uv":[8.0,10.75,8.0625,10.8125],"rotation":0,"texture":"#069c504d-d254-84b0-916a-efa51ab04681","tintindex":0},"south":{"uv":[8.5,10.75,8.5625,10.8125],"rotation":0,"texture":"#069c504d-d254-84b0-916a-efa51ab04681","tintindex":0},"up":{"uv":[5.0625,10.4375,5.0,10.25],"rotation":0,"texture":"#069c504d-d254-84b0-916a-efa51ab04681","tintindex":0},"west":{"uv":[3.0,10.25,3.1875,10.3125],"rotation":0,"texture":"#069c504d-d254-84b0-916a-efa51ab04681","tintindex":0}}},{"name":"flarm","from":[5.712596,7.1703124,8.941478],"to":[6.087596,7.3203125,9.091478],"rotation":{"angle":-22.5,"axis":"y","origin":[7.944776,7.6997886,8.11784]},"faces":{"down":{"uv":[8.0,10.25,8.1875,10.3125],"rotation":0,"texture":"#069c504d-d254-84b0-916a-efa51ab04681","tintindex":0},"east":{"uv":[10.75,6.5,10.8125,6.5625],"rotation":0,"texture":"#069c504d-d254-84b0-916a-efa51ab04681","tintindex":0},"north":{"uv":[6.5,10.25,6.6875,10.3125],"rotation":0,"texture":"#069c504d-d254-84b0-916a-efa51ab04681","tintindex":0},"south":{"uv":[7.0,10.25,7.1875,10.3125],"rotation":0,"texture":"#069c504d-d254-84b0-916a-efa51ab04681","tintindex":0},"up":{"uv":[7.6875,10.3125,7.5,10.25],"rotation":0,"texture":"#069c504d-d254-84b0-916a-efa51ab04681","tintindex":0},"west":{"uv":[10.75,7.0,10.8125,7.0625],"rotation":0,"texture":"#069c504d-d254-84b0-916a-efa51ab04681","tintindex":0}}}],"display":{"head":{"translation":[0.0,-6.4,0.0],"rotation":[0.0,0.0,0.0],"scale":[3.8095,3.8095,3.8095]},"gui":{"translation":[0.0,0.0,0.0],"rotation":[35.0,225.0,0.0],"scale":[0.625,0.625,0.625]}}}