{"file_name":"head","texture_size":[64,64],"textures":{"069c504d-d254-84b0-916a-efa51ab04681":"modelengine:entity/salamandra"},"elements":[{"name":"head","from":[7.0249996,7.625,7.1],"to":[8.825,8.3,8.15],"rotation":{"angle":0.0,"axis":"x","origin":[7.775,4.85,10.1]},"faces":{"down":{"uv":[2.25,5.0,3.0,5.4375],"rotation":0,"texture":"#069c504d-d254-84b0-916a-efa51ab04681","tintindex":0},"east":{"uv":[6.75,2.75,7.1875,3.0625],"rotation":0,"texture":"#069c504d-d254-84b0-916a-efa51ab04681","tintindex":0},"north":{"uv":[2.5,5.75,3.25,6.0625],"rotation":0,"texture":"#069c504d-d254-84b0-916a-efa51ab04681","tintindex":0},"south":{"uv":[3.5,5.75,4.25,6.0625],"rotation":0,"texture":"#069c504d-d254-84b0-916a-efa51ab04681","tintindex":0},"up":{"uv":[2.0,5.4375,1.25,5.0],"rotation":0,"texture":"#069c504d-d254-84b0-916a-efa51ab04681","tintindex":0},"west":{"uv":[6.75,3.5,7.1875,3.8125],"rotation":0,"texture":"#069c504d-d254-84b0-916a-efa51ab04681","tintindex":0}}},{"name":"head","from":[6.725,7.4,5.375],"to":[9.125,8.375,7.25],"rotation":{"angle":0.0,"axis":"x","origin":[7.775,4.85,10.1]},"faces":{"down":{"uv":[2.75,0.0,3.75,0.8125],"rotation":0,"texture":"#069c504d-d254-84b0-916a-efa51ab04681","tintindex":0},"east":{"uv":[4.25,3.5,5.0625,3.9375],"rotation":0,"texture":"#069c504d-d254-84b0-916a-efa51ab04681","tintindex":0},"north":{"uv":[0.0,4.0,1.0,4.4375],"rotation":0,"texture":"#069c504d-d254-84b0-916a-efa51ab04681","tintindex":0},"south":{"uv":[1.25,4.25,2.25,4.6875],"rotation":0,"texture":"#069c504d-d254-84b0-916a-efa51ab04681","tintindex":0},"up":{"uv":[2.5,0.8125,1.5,0.0],"rotation":0,"texture":"#069c504d-d254-84b0-916a-efa51ab04681","tintindex":0},"west":{"uv":[0.0,4.75,0.8125,5.1875],"rotation":0,"texture":"#069c504d-d254-84b0-916a-efa51ab04681","tintindex":0}}},{"name":"head","from":[7.2637997,7.753423,4.5097265],"to":[8.57324,8.141503,5.1301265],"rotation":{"angle":-22.5,"axis":"x","origin":[7.9238,8.169224,4.8568864]},"faces":{"down":{"uv":[4.5,6.5,5.0625,6.75],"rotation":0,"texture":"#069c504d-d254-84b0-916a-efa51ab04681","tintindex":0},"east":{"uv":[9.0,0.5,9.25,0.6875],"rotation":0,"texture":"#069c504d-d254-84b0-916a-efa51ab04681","tintindex":0},"north":{"uv":[4.25,7.5,4.8125,7.6875],"rotation":0,"texture":"#069c504d-d254-84b0-916a-efa51ab04681","tintindex":0},"south":{"uv":[5.25,7.5,5.8125,7.6875],"rotation":0,"texture":"#069c504d-d254-84b0-916a-efa51ab04681","tintindex":0},"up":{"uv":[6.8125,2.0,6.25,1.75],"rotation":0,"texture":"#069c504d-d254-84b0-916a-efa51ab04681","tintindex":0},"west":{"uv":[9.0,2.25,9.25,2.4375],"rotation":0,"texture":"#069c504d-d254-84b0-916a-efa51ab04681","tintindex":0}}},{"name":"head","from":[7.26908,4.2577977,5.4696665],"to":[8.56796,4.5719576,6.0900664],"rotation":{"angle":22.5,"axis":"x","origin":[8.0558,8.285118,13.578427]},"faces":{"down":{"uv":[6.75,2.25,7.3125,2.5],"rotation":0,"texture":"#069c504d-d254-84b0-916a-efa51ab04681","tintindex":0},"east":{"uv":[2.0,9.75,2.25,9.875],"rotation":0,"texture":"#069c504d-d254-84b0-916a-efa51ab04681","tintindex":0},"north":{"uv":[8.5,1.75,9.0625,1.875],"rotation":0,"texture":"#069c504d-d254-84b0-916a-efa51ab04681","tintindex":0},"south":{"uv":[8.5,4.0,9.0625,4.125],"rotation":0,"texture":"#069c504d-d254-84b0-916a-efa51ab04681","tintindex":0},"up":{"uv":[7.3125,0.25,6.75,0.0],"rotation":0,"texture":"#069c504d-d254-84b0-916a-efa51ab04681","tintindex":0},"west":{"uv":[2.5,9.75,2.75,9.875],"rotation":0,"texture":"#069c504d-d254-84b0-916a-efa51ab04681","tintindex":0}}},{"name":"head","from":[7.2374,7.6610236,4.4648466],"to":[8.57852,8.012143,5.251567],"rotation":{"angle":0.0,"axis":"x","origin":[7.7918,5.253343,9.224767]},"faces":{"down":{"uv":[2.0,6.5,2.5625,6.8125],"rotation":0,"texture":"#069c504d-d254-84b0-916a-efa51ab04681","tintindex":0},"east":{"uv":[9.0,5.5,9.3125,5.625],"rotation":0,"texture":"#069c504d-d254-84b0-916a-efa51ab04681","tintindex":0},"north":{"uv":[4.5,8.0,5.0625,8.125],"rotation":0,"texture":"#069c504d-d254-84b0-916a-efa51ab04681","tintindex":0},"south":{"uv":[5.5,8.0,6.0625,8.125],"rotation":0,"texture":"#069c504d-d254-84b0-916a-efa51ab04681","tintindex":0},"up":{"uv":[1.5625,6.8125,1.0,6.5],"rotation":0,"texture":"#069c504d-d254-84b0-916a-efa51ab04681","tintindex":0},"west":{"uv":[9.0,6.0,9.3125,6.125],"rotation":0,"texture":"#069c504d-d254-84b0-916a-efa51ab04681","tintindex":0}}},{"name":"head","from":[6.941,7.4285936,5.111],"to":[8.909,8.259219,5.861],"rotation":{"angle":0.0,"axis":"x","origin":[7.775,4.8859997,9.752001]},"faces":{"down":{"uv":[1.25,5.75,2.0625,6.0625],"rotation":0,"texture":"#069c504d-d254-84b0-916a-efa51ab04681","tintindex":0},"east":{"uv":[3.5,7.25,3.8125,7.625],"rotation":0,"texture":"#069c504d-d254-84b0-916a-efa51ab04681","tintindex":0},"north":{"uv":[0.0,5.5,0.8125,5.875],"rotation":0,"texture":"#069c504d-d254-84b0-916a-efa51ab04681","tintindex":0},"south":{"uv":[5.5,0.0,6.3125,0.375],"rotation":0,"texture":"#069c504d-d254-84b0-916a-efa51ab04681","tintindex":0},"up":{"uv":[6.3125,4.0625,5.5,3.75],"rotation":0,"texture":"#069c504d-d254-84b0-916a-efa51ab04681","tintindex":0},"west":{"uv":[7.25,1.25,7.5625,1.625],"rotation":0,"texture":"#069c504d-d254-84b0-916a-efa51ab04681","tintindex":0}}}],"display":{"head":{"translation":[0.0,-6.4,0.0],"rotation":[0.0,0.0,0.0],"scale":[3.8095,3.8095,3.8095]},"gui":{"translation":[0.0,0.0,0.0],"rotation":[35.0,225.0,0.0],"scale":[0.625,0.625,0.625]}}}