{"file_name":"tail","texture_size":[64,64],"textures":{"069c504d-d254-84b0-916a-efa51ab04681":"modelengine:entity/salamandra"},"elements":[{"name":"tail","from":[6.941,7.4633718,7.934852],"to":[9.041,8.438372,8.834852],"rotation":{"angle":22.5,"axis":"x","origin":[7.7660003,7.814756,8.193164]},"faces":{"down":{"uv":[4.5,5.0,5.375,5.375],"rotation":0,"texture":"#069c504d-d254-84b0-916a-efa51ab04681","tintindex":0},"east":{"uv":[3.0,6.5,3.375,6.9375],"rotation":0,"texture":"#069c504d-d254-84b0-916a-efa51ab04681","tintindex":0},"north":{"uv":[4.25,4.25,5.125,4.6875],"rotation":0,"texture":"#069c504d-d254-84b0-916a-efa51ab04681","tintindex":0},"south":{"uv":[4.25,2.75,5.125,3.1875],"rotation":0,"texture":"#069c504d-d254-84b0-916a-efa51ab04681","tintindex":0},"up":{"uv":[4.125,5.375,3.25,5.0],"rotation":0,"texture":"#069c504d-d254-84b0-916a-efa51ab04681","tintindex":0},"west":{"uv":[3.75,6.5,4.125,6.9375],"rotation":0,"texture":"#069c504d-d254-84b0-916a-efa51ab04681","tintindex":0}}},{"name":"tail","from":[7.016,7.538378,8.609852],"to":[8.966,8.363379,9.359852],"rotation":{"angle":22.5,"axis":"x","origin":[7.7660003,7.814756,8.193164]},"faces":{"down":{"uv":[5.5,3.0,6.3125,3.3125],"rotation":0,"texture":"#069c504d-d254-84b0-916a-efa51ab04681","tintindex":0},"east":{"uv":[2.0,7.25,2.3125,7.625],"rotation":0,"texture":"#069c504d-d254-84b0-916a-efa51ab04681","tintindex":0},"north":{"uv":[5.0,0.75,5.8125,1.125],"rotation":0,"texture":"#069c504d-d254-84b0-916a-efa51ab04681","tintindex":0},"south":{"uv":[5.0,1.5,5.8125,1.875],"rotation":0,"texture":"#069c504d-d254-84b0-916a-efa51ab04681","tintindex":0},"up":{"uv":[6.3125,2.5625,5.5,2.25],"rotation":0,"texture":"#069c504d-d254-84b0-916a-efa51ab04681","tintindex":0},"west":{"uv":[2.75,7.25,3.0625,7.625],"rotation":0,"texture":"#069c504d-d254-84b0-916a-efa51ab04681","tintindex":0}}},{"name":"tail","from":[7.091,7.5727882,9.157845],"to":[8.891,8.247787,9.757844],"rotation":{"angle":22.5,"axis":"x","origin":[7.7660003,7.814756,8.193164]},"faces":{"down":{"uv":[6.25,1.25,7.0,1.5],"rotation":0,"texture":"#069c504d-d254-84b0-916a-efa51ab04681","tintindex":0},"east":{"uv":[2.0,8.0,2.25,8.3125],"rotation":0,"texture":"#069c504d-d254-84b0-916a-efa51ab04681","tintindex":0},"north":{"uv":[4.5,5.75,5.25,6.0625],"rotation":0,"texture":"#069c504d-d254-84b0-916a-efa51ab04681","tintindex":0},"south":{"uv":[5.5,5.75,6.25,6.0625],"rotation":0,"texture":"#069c504d-d254-84b0-916a-efa51ab04681","tintindex":0},"up":{"uv":[4.75,1.0,4.0,0.75],"rotation":0,"texture":"#069c504d-d254-84b0-916a-efa51ab04681","tintindex":0},"west":{"uv":[2.5,8.0,2.75,8.3125],"rotation":0,"texture":"#069c504d-d254-84b0-916a-efa51ab04681","tintindex":0}}},{"name":"tail","from":[7.1660004,7.722002,9.533001],"to":[8.816,8.172002,10.283001],"rotation":{"angle":22.5,"axis":"x","origin":[7.7660003,7.814756,8.193164]},"faces":{"down":{"uv":[0.0,6.25,0.6875,6.5625],"rotation":0,"texture":"#069c504d-d254-84b0-916a-efa51ab04681","tintindex":0},"east":{"uv":[6.0,9.0,6.3125,9.1875],"rotation":0,"texture":"#069c504d-d254-84b0-916a-efa51ab04681","tintindex":0},"north":{"uv":[6.75,4.25,7.4375,4.4375],"rotation":0,"texture":"#069c504d-d254-84b0-916a-efa51ab04681","tintindex":0},"south":{"uv":[6.75,4.75,7.4375,4.9375],"rotation":0,"texture":"#069c504d-d254-84b0-916a-efa51ab04681","tintindex":0},"up":{"uv":[6.4375,4.8125,5.75,4.5],"rotation":0,"texture":"#069c504d-d254-84b0-916a-efa51ab04681","tintindex":0},"west":{"uv":[9.0,9.0,9.3125,9.1875],"rotation":0,"texture":"#069c504d-d254-84b0-916a-efa51ab04681","tintindex":0}}}],"display":{"head":{"translation":[0.0,-6.4,0.0],"rotation":[0.0,0.0,0.0],"scale":[3.8095,3.8095,3.8095]},"gui":{"translation":[0.0,0.0,0.0],"rotation":[35.0,225.0,0.0],"scale":[0.625,0.625,0.625]}}}