{"file_name":"fll","texture_size":[128,128],"textures":{"2d2a3ea4-38ec-6e62-b91b-1a479158bc98":"modelengine:entity/hellhound"},"elements":[{"name":"cube","from":[6.582979,6.050232,4.4684153],"to":[8.174532,9.233337,9.243073],"rotation":{"angle":-45.0,"axis":"x","origin":[8.077901,8.143221,7.7495174]},"faces":{"down":{"uv":[2.0,8.75,2.375,9.875],"rotation":0,"texture":"#2d2a3ea4-38ec-6e62-b91b-1a479158bc98","tintindex":0},"east":{"uv":[6.125,5.0,7.25,5.75],"rotation":0,"texture":"#2d2a3ea4-38ec-6e62-b91b-1a479158bc98","tintindex":0},"north":{"uv":[5.75,9.125,6.125,9.875],"rotation":0,"texture":"#2d2a3ea4-38ec-6e62-b91b-1a479158bc98","tintindex":0},"south":{"uv":[6.25,9.125,6.625,9.875],"rotation":0,"texture":"#2d2a3ea4-38ec-6e62-b91b-1a479158bc98","tintindex":0},"up":{"uv":[1.875,9.75,1.5,8.625],"rotation":0,"texture":"#2d2a3ea4-38ec-6e62-b91b-1a479158bc98","tintindex":0},"west":{"uv":[2.25,6.75,3.375,7.5],"rotation":0,"texture":"#2d2a3ea4-38ec-6e62-b91b-1a479158bc98","tintindex":0}}}],"display":{"head":{"translation":[0.0,-6.4,0.0],"rotation":[0.0,0.0,0.0],"scale":[3.8095,3.8095,3.8095]},"gui":{"translation":[0.0,0.0,0.0],"rotation":[35.0,225.0,0.0],"scale":[0.625,0.625,0.625]}}}