{"file_name":"flr","texture_size":[128,128],"textures":{"2d2a3ea4-38ec-6e62-b91b-1a479158bc98":"modelengine:entity/hellhound"},"elements":[{"name":"cube","from":[7.620161,6.404458,4.3726306],"to":[9.211714,9.587564,9.147288],"rotation":{"angle":-45.0,"axis":"x","origin":[8.415937,8.223059,8.0410385]},"faces":{"down":{"uv":[6.75,8.75,7.125,9.875],"rotation":0,"texture":"#2d2a3ea4-38ec-6e62-b91b-1a479158bc98","tintindex":0},"east":{"uv":[6.75,6.75,7.875,7.5],"rotation":0,"texture":"#2d2a3ea4-38ec-6e62-b91b-1a479158bc98","tintindex":0},"north":{"uv":[4.0,9.375,4.375,10.125],"rotation":0,"texture":"#2d2a3ea4-38ec-6e62-b91b-1a479158bc98","tintindex":0},"south":{"uv":[4.5,9.375,4.875,10.125],"rotation":0,"texture":"#2d2a3ea4-38ec-6e62-b91b-1a479158bc98","tintindex":0},"up":{"uv":[2.875,9.875,2.5,8.75],"rotation":0,"texture":"#2d2a3ea4-38ec-6e62-b91b-1a479158bc98","tintindex":0},"west":{"uv":[6.875,1.875,8.0,2.625],"rotation":0,"texture":"#2d2a3ea4-38ec-6e62-b91b-1a479158bc98","tintindex":0}}}],"display":{"head":{"translation":[0.0,-6.4,0.0],"rotation":[0.0,0.0,0.0],"scale":[3.8095,3.8095,3.8095]},"gui":{"translation":[0.0,0.0,0.0],"rotation":[35.0,225.0,0.0],"scale":[0.625,0.625,0.625]}}}