{"file_name":"flr3","texture_size":[128,128],"textures":{"2d2a3ea4-38ec-6e62-b91b-1a479158bc98":"modelengine:entity/hellhound"},"elements":[{"name":"cube","from":[7.2042236,7.181201,6.1655273],"to":[8.795776,8.242237,8.287598],"rotation":{"angle":0.0,"axis":"x","origin":[8.0,7.9929686,7.978906]},"faces":{"down":{"uv":[0.0,10.0,0.375,10.5],"rotation":0,"texture":"#2d2a3ea4-38ec-6e62-b91b-1a479158bc98","tintindex":0},"east":{"uv":[10.25,0.0,10.75,0.25],"rotation":0,"texture":"#2d2a3ea4-38ec-6e62-b91b-1a479158bc98","tintindex":0},"north":{"uv":[10.375,10.0,10.75,10.25],"rotation":0,"texture":"#2d2a3ea4-38ec-6e62-b91b-1a479158bc98","tintindex":0},"south":{"uv":[8.75,10.5,9.125,10.75],"rotation":0,"texture":"#2d2a3ea4-38ec-6e62-b91b-1a479158bc98","tintindex":0},"up":{"uv":[10.125,9.375,9.75,8.875],"rotation":0,"texture":"#2d2a3ea4-38ec-6e62-b91b-1a479158bc98","tintindex":0},"west":{"uv":[10.25,8.875,10.75,9.125],"rotation":0,"texture":"#2d2a3ea4-38ec-6e62-b91b-1a479158bc98","tintindex":0}}}],"display":{"head":{"translation":[0.0,-6.4,0.0],"rotation":[0.0,0.0,0.0],"scale":[3.8095,3.8095,3.8095]},"gui":{"translation":[0.0,0.0,0.0],"rotation":[35.0,225.0,0.0],"scale":[0.625,0.625,0.625]}}}