{"file_name":"frontbody","texture_size":[128,128],"textures":{"2d2a3ea4-38ec-6e62-b91b-1a479158bc98":"modelengine:entity/hellhound"},"elements":[{"name":"cube","from":[5.7153397,7.282439,5.4210114],"to":[10.383894,10.996062,9.665152],"rotation":{"angle":-22.5,"axis":"x","origin":[8.049616,8.389658,8.513702]},"faces":{"down":{"uv":[2.625,4.625,3.75,5.625],"rotation":0,"texture":"#2d2a3ea4-38ec-6e62-b91b-1a479158bc98","tintindex":0},"east":{"uv":[0.0,6.75,1.0,7.625],"rotation":0,"texture":"#2d2a3ea4-38ec-6e62-b91b-1a479158bc98","tintindex":0},"north":{"uv":[2.0,5.75,3.125,6.625],"rotation":0,"texture":"#2d2a3ea4-38ec-6e62-b91b-1a479158bc98","tintindex":0},"south":{"uv":[5.75,0.875,6.875,1.75],"rotation":0,"texture":"#2d2a3ea4-38ec-6e62-b91b-1a479158bc98","tintindex":0},"up":{"uv":[5.625,1.875,4.5,0.875],"rotation":0,"texture":"#2d2a3ea4-38ec-6e62-b91b-1a479158bc98","tintindex":0},"west":{"uv":[1.125,6.75,2.125,7.625],"rotation":0,"texture":"#2d2a3ea4-38ec-6e62-b91b-1a479158bc98","tintindex":0}}}],"display":{"head":{"translation":[0.0,-6.4,0.0],"rotation":[0.0,0.0,0.0],"scale":[3.8095,3.8095,3.8095]},"gui":{"translation":[0.0,0.0,0.0],"rotation":[35.0,225.0,0.0],"scale":[0.625,0.625,0.625]}}}