{"file_name":"head","texture_size":[128,128],"textures":{"2d2a3ea4-38ec-6e62-b91b-1a479158bc98":"modelengine:entity/hellhound"},"elements":[{"name":"cube","from":[6.9513693,7.480953,2.8263187],"to":[9.073439,9.072505,7.0704584],"rotation":{"angle":-22.5,"axis":"x","origin":[8.012404,7.894223,7.965498]},"faces":{"down":{"uv":[0.875,8.625,1.375,9.625],"rotation":0,"texture":"#2d2a3ea4-38ec-6e62-b91b-1a479158bc98","tintindex":0},"east":{"uv":[3.125,2.625,4.125,3.0],"rotation":0,"texture":"#2d2a3ea4-38ec-6e62-b91b-1a479158bc98","tintindex":0},"north":{"uv":[1.375,4.0,1.875,4.375],"rotation":0,"texture":"#2d2a3ea4-38ec-6e62-b91b-1a479158bc98","tintindex":0},"south":{"uv":[9.625,0.0,10.125,0.375],"rotation":0,"texture":"#2d2a3ea4-38ec-6e62-b91b-1a479158bc98","tintindex":0},"up":{"uv":[6.625,9.0,6.125,8.0],"rotation":0,"texture":"#2d2a3ea4-38ec-6e62-b91b-1a479158bc98","tintindex":0},"west":{"uv":[4.375,3.75,5.375,4.125],"rotation":0,"texture":"#2d2a3ea4-38ec-6e62-b91b-1a479158bc98","tintindex":0}}},{"name":"cube","from":[6.4208517,7.3598027,5.026932],"to":[9.603957,10.542908,8.740555],"rotation":{"angle":-22.5,"axis":"x","origin":[8.012404,7.894223,7.965498]},"faces":{"down":{"uv":[8.375,5.5,9.125,6.375],"rotation":0,"texture":"#2d2a3ea4-38ec-6e62-b91b-1a479158bc98","tintindex":0},"east":{"uv":[8.0,6.75,8.875,7.5],"rotation":0,"texture":"#2d2a3ea4-38ec-6e62-b91b-1a479158bc98","tintindex":0},"north":{"uv":[4.25,8.5,5.0,9.25],"rotation":0,"texture":"#2d2a3ea4-38ec-6e62-b91b-1a479158bc98","tintindex":0},"south":{"uv":[8.5,8.5,9.25,9.25],"rotation":0,"texture":"#2d2a3ea4-38ec-6e62-b91b-1a479158bc98","tintindex":0},"up":{"uv":[9.125,4.5,8.375,3.625],"rotation":0,"texture":"#2d2a3ea4-38ec-6e62-b91b-1a479158bc98","tintindex":0},"west":{"uv":[8.25,4.625,9.125,5.375],"rotation":0,"texture":"#2d2a3ea4-38ec-6e62-b91b-1a479158bc98","tintindex":0}}},{"name":"cube","from":[9.073439,7.0465217,5.0994554],"to":[10.29363,9.1685915,7.221525],"rotation":{"angle":0.0,"axis":"x","origin":[8.012404,7.894223,7.965498]},"faces":{"down":{"uv":[4.25,10.25,4.5,10.75],"rotation":0,"texture":"#2d2a3ea4-38ec-6e62-b91b-1a479158bc98","tintindex":0},"east":{"uv":[9.5,7.25,10.0,7.75],"rotation":0,"texture":"#2d2a3ea4-38ec-6e62-b91b-1a479158bc98","tintindex":0},"north":{"uv":[10.125,7.25,10.375,7.75],"rotation":0,"texture":"#2d2a3ea4-38ec-6e62-b91b-1a479158bc98","tintindex":0},"south":{"uv":[10.125,7.875,10.375,8.375],"rotation":0,"texture":"#2d2a3ea4-38ec-6e62-b91b-1a479158bc98","tintindex":0},"up":{"uv":[4.125,10.75,3.875,10.25],"rotation":0,"texture":"#2d2a3ea4-38ec-6e62-b91b-1a479158bc98","tintindex":0},"west":{"uv":[9.625,9.625,10.125,10.125],"rotation":0,"texture":"#2d2a3ea4-38ec-6e62-b91b-1a479158bc98","tintindex":0}}},{"name":"cube","from":[9.073439,9.1685915,7.221525],"to":[10.134474,12.351697,7.7520432],"rotation":{"angle":0.0,"axis":"x","origin":[8.012404,7.894223,7.965498]},"faces":{"down":{"uv":[10.5,7.75,10.75,7.875],"rotation":0,"texture":"#2d2a3ea4-38ec-6e62-b91b-1a479158bc98","tintindex":0},"east":{"uv":[7.0,10.0,7.125,10.75],"rotation":0,"texture":"#2d2a3ea4-38ec-6e62-b91b-1a479158bc98","tintindex":0},"north":{"uv":[7.25,9.875,7.5,10.625],"rotation":0,"texture":"#2d2a3ea4-38ec-6e62-b91b-1a479158bc98","tintindex":0},"south":{"uv":[7.625,9.875,7.875,10.625],"rotation":0,"texture":"#2d2a3ea4-38ec-6e62-b91b-1a479158bc98","tintindex":0},"up":{"uv":[10.75,7.625,10.5,7.5],"rotation":0,"texture":"#2d2a3ea4-38ec-6e62-b91b-1a479158bc98","tintindex":0},"west":{"uv":[2.0,10.375,2.125,11.125],"rotation":0,"texture":"#2d2a3ea4-38ec-6e62-b91b-1a479158bc98","tintindex":0}}},{"name":"cube","from":[5.890334,9.1685915,7.221525],"to":[6.9513693,12.351697,7.7520432],"rotation":{"angle":0.0,"axis":"x","origin":[8.012404,7.894223,7.965498]},"faces":{"down":{"uv":[10.5,7.25,10.75,7.375],"rotation":0,"texture":"#2d2a3ea4-38ec-6e62-b91b-1a479158bc98","tintindex":0},"east":{"uv":[2.0,7.75,2.125,8.5],"rotation":0,"texture":"#2d2a3ea4-38ec-6e62-b91b-1a479158bc98","tintindex":0},"north":{"uv":[5.0,9.875,5.25,10.625],"rotation":0,"texture":"#2d2a3ea4-38ec-6e62-b91b-1a479158bc98","tintindex":0},"south":{"uv":[5.375,9.875,5.625,10.625],"rotation":0,"texture":"#2d2a3ea4-38ec-6e62-b91b-1a479158bc98","tintindex":0},"up":{"uv":[7.125,3.875,6.875,3.75],"rotation":0,"texture":"#2d2a3ea4-38ec-6e62-b91b-1a479158bc98","tintindex":0},"west":{"uv":[3.25,10.0,3.375,10.75],"rotation":0,"texture":"#2d2a3ea4-38ec-6e62-b91b-1a479158bc98","tintindex":0}}},{"name":"cube","from":[7.481887,6.5160036,2.446867],"to":[8.542921,7.0465217,2.9773853],"rotation":{"angle":0.0,"axis":"x","origin":[8.012404,7.894223,7.965498]},"faces":{"down":{"uv":[0.375,10.625,0.625,10.75],"rotation":0,"texture":"#2d2a3ea4-38ec-6e62-b91b-1a479158bc98","tintindex":0},"east":{"uv":[2.0,4.0,2.125,4.125],"rotation":0,"texture":"#2d2a3ea4-38ec-6e62-b91b-1a479158bc98","tintindex":0},"north":{"uv":[10.5,8.0,10.75,8.125],"rotation":0,"texture":"#2d2a3ea4-38ec-6e62-b91b-1a479158bc98","tintindex":0},"south":{"uv":[10.5,8.25,10.75,8.375],"rotation":0,"texture":"#2d2a3ea4-38ec-6e62-b91b-1a479158bc98","tintindex":0},"up":{"uv":[0.25,10.75,0.0,10.625],"rotation":0,"texture":"#2d2a3ea4-38ec-6e62-b91b-1a479158bc98","tintindex":0},"west":{"uv":[2.0,4.25,2.125,4.375],"rotation":0,"texture":"#2d2a3ea4-38ec-6e62-b91b-1a479158bc98","tintindex":0}}},{"name":"cube","from":[5.7311788,7.0465217,5.0994554],"to":[6.9513693,9.1685915,7.221525],"rotation":{"angle":0.0,"axis":"x","origin":[8.012404,7.894223,7.965498]},"faces":{"down":{"uv":[10.125,4.25,10.375,4.75],"rotation":0,"texture":"#2d2a3ea4-38ec-6e62-b91b-1a479158bc98","tintindex":0},"east":{"uv":[9.5,0.5,10.0,1.0],"rotation":0,"texture":"#2d2a3ea4-38ec-6e62-b91b-1a479158bc98","tintindex":0},"north":{"uv":[10.125,2.375,10.375,2.875],"rotation":0,"texture":"#2d2a3ea4-38ec-6e62-b91b-1a479158bc98","tintindex":0},"south":{"uv":[10.125,3.0,10.375,3.5],"rotation":0,"texture":"#2d2a3ea4-38ec-6e62-b91b-1a479158bc98","tintindex":0},"up":{"uv":[10.375,4.125,10.125,3.625],"rotation":0,"texture":"#2d2a3ea4-38ec-6e62-b91b-1a479158bc98","tintindex":0},"west":{"uv":[9.5,2.375,10.0,2.875],"rotation":0,"texture":"#2d2a3ea4-38ec-6e62-b91b-1a479158bc98","tintindex":0}}}],"display":{"head":{"translation":[0.0,-6.4,0.0],"rotation":[0.0,0.0,0.0],"scale":[3.8095,3.8095,3.8095]},"gui":{"translation":[0.0,0.0,0.0],"rotation":[35.0,225.0,0.0],"scale":[0.625,0.625,0.625]}}}