{"file_name":"midbody","texture_size":[128,128],"textures":{"2d2a3ea4-38ec-6e62-b91b-1a479158bc98":"modelengine:entity/hellhound"},"elements":[{"name":"cube","from":[5.6599703,5.1020136,3.137036],"to":[10.434629,8.815637,7.3811765],"rotation":{"angle":0.0,"axis":"x","origin":[8.020773,8.17914,8.37883]},"faces":{"down":{"uv":[1.375,4.5,2.5,5.5],"rotation":0,"texture":"#2d2a3ea4-38ec-6e62-b91b-1a479158bc98","tintindex":0},"east":{"uv":[6.125,4.0,7.125,4.875],"rotation":0,"texture":"#2d2a3ea4-38ec-6e62-b91b-1a479158bc98","tintindex":0},"north":{"uv":[5.625,2.0,6.75,2.875],"rotation":0,"texture":"#2d2a3ea4-38ec-6e62-b91b-1a479158bc98","tintindex":0},"south":{"uv":[5.625,3.0,6.75,3.875],"rotation":0,"texture":"#2d2a3ea4-38ec-6e62-b91b-1a479158bc98","tintindex":0},"up":{"uv":[5.5,3.625,4.375,2.625],"rotation":0,"texture":"#2d2a3ea4-38ec-6e62-b91b-1a479158bc98","tintindex":0},"west":{"uv":[4.75,6.375,5.75,7.25],"rotation":0,"texture":"#2d2a3ea4-38ec-6e62-b91b-1a479158bc98","tintindex":0}}},{"name":"cube","from":[6.190488,8.053875,2.9093003],"to":[9.904111,9.645428,6.622924],"rotation":{"angle":-45.0,"axis":"x","origin":[8.020773,8.17914,8.37883]},"faces":{"down":{"uv":[7.0,0.875,7.875,1.75],"rotation":0,"texture":"#2d2a3ea4-38ec-6e62-b91b-1a479158bc98","tintindex":0},"east":{"uv":[8.125,2.0,9.0,2.375],"rotation":0,"texture":"#2d2a3ea4-38ec-6e62-b91b-1a479158bc98","tintindex":0},"north":{"uv":[4.5,2.0,5.375,2.375],"rotation":0,"texture":"#2d2a3ea4-38ec-6e62-b91b-1a479158bc98","tintindex":0},"south":{"uv":[8.5,7.625,9.375,8.0],"rotation":0,"texture":"#2d2a3ea4-38ec-6e62-b91b-1a479158bc98","tintindex":0},"up":{"uv":[7.75,3.625,6.875,2.75],"rotation":0,"texture":"#2d2a3ea4-38ec-6e62-b91b-1a479158bc98","tintindex":0},"west":{"uv":[8.625,0.0,9.5,0.375],"rotation":0,"texture":"#2d2a3ea4-38ec-6e62-b91b-1a479158bc98","tintindex":0}}},{"name":"cube","from":[6.4557467,5.1504574,3.8277626],"to":[9.638853,9.394598,12.846561],"rotation":{"angle":-22.5,"axis":"x","origin":[8.020773,8.17914,8.37883]},"faces":{"down":{"uv":[2.25,0.0,3.0,2.125],"rotation":0,"texture":"#2d2a3ea4-38ec-6e62-b91b-1a479158bc98","tintindex":0},"east":{"uv":[0.0,0.0,2.125,1.0],"rotation":0,"texture":"#2d2a3ea4-38ec-6e62-b91b-1a479158bc98","tintindex":0},"north":{"uv":[4.375,7.375,5.125,8.375],"rotation":0,"texture":"#2d2a3ea4-38ec-6e62-b91b-1a479158bc98","tintindex":0},"south":{"uv":[7.375,4.625,8.125,5.625],"rotation":0,"texture":"#2d2a3ea4-38ec-6e62-b91b-1a479158bc98","tintindex":0},"up":{"uv":[3.0,4.375,2.25,2.25],"rotation":0,"texture":"#2d2a3ea4-38ec-6e62-b91b-1a479158bc98","tintindex":0},"west":{"uv":[2.125,0.0,0.0,1.0],"rotation":0,"texture":"#2d2a3ea4-38ec-6e62-b91b-1a479158bc98","tintindex":0}}},{"name":"cube","from":[5.925229,7.8260045,5.045884],"to":[9.957163,10.9030075,11.942613],"rotation":{"angle":-22.5,"axis":"x","origin":[8.020773,8.17914,8.37883]},"faces":{"down":{"uv":[1.125,2.25,2.125,3.875],"rotation":0,"texture":"#2d2a3ea4-38ec-6e62-b91b-1a479158bc98","tintindex":0},"east":{"uv":[4.375,4.375,6.0,5.125],"rotation":0,"texture":"#2d2a3ea4-38ec-6e62-b91b-1a479158bc98","tintindex":0},"north":{"uv":[7.25,3.75,8.25,4.5],"rotation":0,"texture":"#2d2a3ea4-38ec-6e62-b91b-1a479158bc98","tintindex":0},"south":{"uv":[7.25,5.875,8.25,6.625],"rotation":0,"texture":"#2d2a3ea4-38ec-6e62-b91b-1a479158bc98","tintindex":0},"up":{"uv":[1.0,3.875,0.0,2.25],"rotation":0,"texture":"#2d2a3ea4-38ec-6e62-b91b-1a479158bc98","tintindex":0},"west":{"uv":[6.0,4.375,4.375,5.125],"rotation":0,"texture":"#2d2a3ea4-38ec-6e62-b91b-1a479158bc98","tintindex":0}}},{"name":"cube","from":[6.2965918,5.7661724,4.474983],"to":[9.744955,11.601866,9.249641],"rotation":{"angle":-22.5,"axis":"x","origin":[8.020773,8.17914,8.37883]},"faces":{"down":{"uv":[5.875,6.75,6.625,7.875],"rotation":0,"texture":"#2d2a3ea4-38ec-6e62-b91b-1a479158bc98","tintindex":0},"east":{"uv":[3.125,3.125,4.25,4.5],"rotation":0,"texture":"#2d2a3ea4-38ec-6e62-b91b-1a479158bc98","tintindex":0},"north":{"uv":[0.0,5.125,0.75,6.5],"rotation":0,"texture":"#2d2a3ea4-38ec-6e62-b91b-1a479158bc98","tintindex":0},"south":{"uv":[3.875,5.25,4.625,6.625],"rotation":0,"texture":"#2d2a3ea4-38ec-6e62-b91b-1a479158bc98","tintindex":0},"up":{"uv":[4.25,7.875,3.5,6.75],"rotation":0,"texture":"#2d2a3ea4-38ec-6e62-b91b-1a479158bc98","tintindex":0},"west":{"uv":[4.25,3.125,3.125,4.5],"rotation":0,"texture":"#2d2a3ea4-38ec-6e62-b91b-1a479158bc98","tintindex":0}}}],"display":{"head":{"translation":[0.0,-6.4,0.0],"rotation":[0.0,0.0,0.0],"scale":[3.8095,3.8095,3.8095]},"gui":{"translation":[0.0,0.0,0.0],"rotation":[35.0,225.0,0.0],"scale":[0.625,0.625,0.625]}}}